asset_id,well_name,operator,distance_miles,section_type,bha_number,start_depth,end_depth,run_length,section_start_depth,lateral_start_depth,set_date,num_components,is_rss,has_agitator,bit_size,bit_type,bit_name,bit_manufacturer,bit_model,bit_serial,bit_tfa,bit_nozzles,bit_blade_count,bit_cutter_size,motor_name,motor_manufacturer,motor_model,motor_od,motor_length,motor_rpg,motor_max_diff,motor_bend,motor_stages,motor_lobes,parsed_blades,parsed_cutter_mm,parse_confidence,parse_method,motor_lobe_config,motor_rpg_band
37171721,Galvan Ranch A 339H,SM Energy,2.4,intermediate,1,107,4248.927,4141.9,N/A,N/A,2024-11-14,9,False,False,12.25,pdc,"12.25"" Baker Hughes T606",Baker Hughes,T606,5339289,0.9019807032767571,"[{'size': 14, 'count': 6}]",N/A,N/A,"8"" Sniper 7/8 5.9 stg",Sniper,7/8 5.9 stg,8,35.72,0.16,N/A,N/A,5.9,N/A,6,?(6),check,Baker:T606->C60B6(frac),7/8,lo
37171721,Galvan Ranch A 339H,SM Energy,2.4,intermediate,2,4249,8968.073,4719.1,N/A,N/A,2024-11-18,9,False,False,8.75,pdc,"8.75"" Ulterra SPL616",Ulterra,SPL616,68454,0.9940195505498954,"[{'size': 12, 'count': 9}]",N/A,N/A,"7"" DDS 7/8 5.7",DDS,7/8 5.7,7,30.41,0.24,N/A,N/A,5.7,N/A,6,16,high,"Ulterra:SPL616->B6,16mm",7/8,lo
37171721,Galvan Ranch A 339H,SM Energy,2.4,intermediate,3,8968,19620.38,10652.4,N/A,N/A,2024-11-19,10,False,True,8.75,pdc,"8.75"" NOV TK63-G9",NOV,TK63-G9,A313639,1.553155547734212,"[{'size': 15, 'count': 9}]",N/A,N/A,"7.25"" NOV 6/7 7.8",NOV,6/7 7.8,7.25,33.75,0.32,N/A,N/A,7.8,N/A,6,13,high,"NOV-TK:TK63-G9->B6,C3",6/7,mid
37171721,Galvan Ranch A 339H,SM Energy,2.4,intermediate,4,19620,20527.79,907.8,N/A,N/A,2024-11-25,10,False,True,8.75,pdc,"8.75"" NOV TK63-G9",NOV,TK63-G9,A313639,1.553155547734212,"[{'size': 15, 'count': 9}]",N/A,N/A,"7.25"" NOV 6/7 7.8 stg",NOV,6/7 7.8 stg,7.25,33.81,0.32,N/A,N/A,7.8,N/A,6,13,high,"NOV-TK:TK63-G9->B6,C3",6/7,mid
88700700,Galvan Ranch A 341H,SM Energy,2.4,intermediate,1,99,4245,4146,N/A,N/A,2024-11-11,8,False,False,12.25,pdc,"12.25"" Halliburton",Halliburton,HD65s,14237723,0.923456434307156,"[{'size': 12, 'count': 5}, {'size': 11, 'count': 4}]",N/A,N/A,"8"" Sniper 7/8 5.9 stg",Sniper,7/8 5.9,8,35.72,0.16,N/A,N/A,5.9,N/A,6,16,high,"HAL:HD65s->B6,C5(frac)",7/8,lo
88700700,Galvan Ranch A 341H,SM Energy,2.4,intermediate,2,4245,8998.125,4753.1,N/A,N/A,2024-11-12,9,False,False,8.75,pdc,"8.75"" Halliburton HD65s",Halliburton,HD65s,14137643,0.9940195505498954,"[{'size': 12, 'count': 9}]",N/A,N/A,"7"" DDS 7/8 5.7",DDS,7/8 5.7,7,30.83,0.24,N/A,N/A,5.7,N/A,6,16,high,"HAL:HD65s->B6,C5(frac)",7/8,lo
88700700,Galvan Ranch A 341H,SM Energy,2.4,intermediate,3,8998.12,12980.01,3981.9,N/A,N/A,2024-12-27,10,False,True,8.75,pdc,"8.75"" NOV TK63-G9",NOV,TK63-G9,A313639,1.553155547734212,"[{'size': 15, 'count': 9}]",N/A,N/A,"7.25"" NOV 6/7 7.8 Stg",NOV,6/7 7.8 Stg,7.25,33.83,0.32,N/A,N/A,7.8,N/A,6,13,high,"NOV-TK:TK63-G9->B6,C3",6/7,mid
88700700,Galvan Ranch A 341H,SM Energy,2.4,intermediate,4,12980.01,20450.08,7470.1,N/A,N/A,2024-12-28,12,False,True,8.75,pdc,"8.75"" NOV TK63-V2",NOV,TK63-V2,A313798,1.553155547734212,"[{'size': 15, 'count': 9}]",N/A,N/A,"7.25"" NOV 6/7 7.8",NOV,6/7 7.8,7.25,33.95,0.32,N/A,N/A,7.8,N/A,6,13,high,"NOV-TK:TK63-V2->B6,C3",6/7,mid
10830449,Galvan Ranch A #333H,SM Energy,2.4,intermediate,2,2647,8815.063,6168.1,2647.0,N/A,2025-12-31,11,False,False,12.25,pdc,"12.25"" Halliburton HD64K1",Halliburton,HD64K1,14334229,1.035437031822808,"[{'size': 15, 'count': 6}]",N/A,N/A,"8"" Sniper 7/8 5.9",Sniper,7/8 5.9,8,35.24,0.16,N/A,N/A,5.9,N/A,6,13,high,"HAL:HD64K1->B6,C4(frac)",7/8,lo
82512872,Galvan Ranch A119H (Rerun),SM Energy,2.4,intermediate,1,197,2657.1542,2460.2,2657.0,N/A,2026-01-10,12,False,False,17.5,pdc,"17.5"" Ulterra U616S",Ulterra,U616S,76109,0.9940195505498954,"[{'size': 12, 'count': 9}]",N/A,N/A,"9.625"" Altitude 7/8 59",Altitude,7/8 59,9.625,38.91,0.15,N/A,N/A,5.9,N/A,6,16,high,"Ulterra-U:U616S->B6,16mm",7/8,lo
82512872,Galvan Ranch A119H (Rerun),SM Energy,2.4,intermediate,2,2657,8614.165,5957.2,2657.0,N/A,2026-01-12,11,False,False,12.25,pdc,"12.25"" Ulterra U613S",Ulterra,U613S,80706,0.9,"[{'size': 14, 'count': 6}]",N/A,N/A,"8"" Altitude 7/8 5.9 SuperHawk",Altitude,7/8 5.9 SuperHawk ,8,36.23,0.15,N/A,N/A,5.9,N/A,6,13,high,"Ulterra-U:U613S->B6,13mm",7/8,lo
41387083,Galvan Ranch A119H,SM Energy,2.4,intermediate,1,197,2657.1542,2460.2,2657.0,N/A,2026-01-10,12,False,False,17.5,pdc,"17.5"" Ulterra U616S",Ulterra,U616S,76109,0.9940195505498954,"[{'size': 12, 'count': 9}]",N/A,N/A,"9.625"" Altitude 7/8 59",Altitude,7/8 59,9.625,38.91,0.15,N/A,N/A,5.9,N/A,6,16,high,"Ulterra-U:U616S->B6,16mm",7/8,lo
41387083,Galvan Ranch A119H,SM Energy,2.4,intermediate,2,2657,8614.165,5957.2,2657.0,N/A,2026-01-12,11,False,False,12.25,pdc,"12.25"" Ulterra U613S",Ulterra,U613S,80706,0.9,"[{'size': 14, 'count': 6}]",N/A,N/A,"8"" Altitude 7/8 5.9 SuperHawk",Altitude,7/8 5.9 SuperHawk ,8,36.23,0.15,N/A,N/A,5.9,N/A,6,13,high,"Ulterra-U:U613S->B6,13mm",7/8,lo
66548917,Spohn Ranch 35H,Escondido Resources,5.0,intermediate,1,115,1605.75488,1490.8,N/A,N/A,2021-08-17,8,False,False,12.25,pdc,"12.25"" Schlumberger XS616S",Schlumberger,XS616S,JV6115,1.5531555477342116,"[{'size': 15, 'count': 9}]",N/A,N/A,"7.688"" MS Directional 7/8 5.9",MS Directional,7/8 5.9,7.688,36.1,0.16,N/A,N/A,5.9,N/A,6,16,check,"fallback-3dig:XS616S->B6,16mm",7/8,lo
66548917,Spohn Ranch 35H,Escondido Resources,5.0,intermediate,3,4400,9672,5272,N/A,N/A,2021-09-28,8,False,False,8.75,pdc,"8.75"" Schlumberger Z616",Schlumberger,Z616,JV6609,1.5531555477342116,"[{'size': 15, 'count': 9}]",N/A,N/A,"7"" MS Directional XL Performance 7/8 6.9",MS Directional,XL Performance 7/8 6.9,7,34.75,0.25,N/A,N/A,6.9,N/A,6,16,high,"SLB-Z:Z616->B6,16mm",7/8,lo
66548917,Spohn Ranch 35H,Escondido Resources,5.0,intermediate,2,1612,4400.02295,2788.0,N/A,N/A,2021-08-18,8,False,False,12.25,pdc,"12.25"" Schlumberger XS616S",Schlumberger,XS616S,JV6115,1.5531555477342116,"[{'size': 15, 'count': 9}]",N/A,N/A,"7.688"" MS Directional 7/8 5.9",MS Directional,7/8 5.9,7.688,36.1,0.16,N/A,N/A,5.9,N/A,6,16,check,"fallback-3dig:XS616S->B6,16mm",7/8,lo
66548917,Spohn Ranch 35H,Escondido Resources,5.0,intermediate,4,9672,19415,9743,N/A,N/A,2021-09-30,8,False,False,8.75,pdc,"8.75"" Schlumberger Z613S",Schlumberger,Z613S,JV5483,2.291767297101148,"[{'size': 16, 'count': 6}, {'size': 22, 'count': 3}]",N/A,N/A,"7"" MS Directional 7/8 6.9",MS Directional,7/8 6.9,7,34.81,0.25,N/A,N/A,6.9,N/A,6,13,high,"SLB-Z:Z613S->B6,13mm",7/8,lo
14243794,Spohn Ranch 43H,Escondido Resources,5.7,intermediate,1,111,4088.00879,3977.0,N/A,N/A,2022-05-04,8,False,False,12.25,pdc,"12.25"" Schlumberger SDSi616",Schlumberger,SDSi616,JP8302,1.035437031822808,"[{'size': 15, 'count': 6}]",N/A,N/A,"8.75"" MS Directional 7/8 7.0 Adj 1.50deg w/ 11 5/8 NBS",MS Directional,7/8 7.0 Adj 1.50deg w/ 11 5/8 NBS,8.75,34.82,0.18,N/A,N/A,7,N/A,6,16,check,"fallback-3dig:SDSi616->B6,16mm",7/8,lo
14243794,Spohn Ranch 43H,Escondido Resources,5.7,intermediate,2,4088,9766.19336,5678.2,N/A,N/A,2022-05-06,9,False,False,8.75,pdc,"8.75"" Ulterra SPL616",Ulterra,SPL616,57052,1.486427383461186,"[{'size': 15, 'count': 6}, {'size': 14, 'count': 3}]",N/A,N/A,"7"" MS Directional XL Performance",MS Directional,XL Performance,7,34.63,0.25,N/A,N/A,6.9,N/A,6,16,high,"Ulterra:SPL616->B6,16mm",?,lo
14243794,Spohn Ranch 43H,Escondido Resources,5.7,intermediate,3,9766,17771.50391,8005.5,N/A,N/A,2022-05-09,9,False,False,8.75,pdc,"8.75"" Schlumberger Z613S",Schlumberger,Z613S,JV6127,2.132233295161041,"[{'size': 18, 'count': 7}, {'size': 16, 'count': 2}]",N/A,N/A,"7"" MS Directional 7/8 6.9",MS Directional,7/8 6.9,7,34.51,0.25,N/A,N/A,6.9,N/A,6,13,high,"SLB-Z:Z613S->B6,13mm",7/8,lo
50782646,Spohn Ranch 42H,Escondido Resources,5.7,intermediate,1,112,4078.45923,3966.5,N/A,N/A,2022-05-02,8,False,False,12.25,pdc,"12.25"" Ulterra U616S",Ulterra,U616S,60375,0.9940195505498954,"[{'size': 12, 'count': 9}]",N/A,N/A,"9.625"" MS Directional XL Performance",MS Directional,XL Performance,9.625,34.95,0.18,N/A,N/A,7,N/A,6,16,high,"Ulterra-U:U616S->B6,16mm",?,lo
50782646,Spohn Ranch 42H,Escondido Resources,5.7,intermediate,2,4078,8535.62793,4457.6,N/A,N/A,2022-05-15,9,False,False,8.75,pdc,"8.75"" Ulterra SPL616",Ulterra,SPL616,57052,1.16659238918703,"[{'size': 13, 'count': 9}]",N/A,N/A,"7"" MS Directional 7/8 6.9",MS Directional,7/8 6.9,7,34.81,0.25,N/A,N/A,6.9,N/A,6,16,high,"Ulterra:SPL616->B6,16mm",7/8,lo
50782646,Spohn Ranch 42H,Escondido Resources,5.7,intermediate,3,8535,10139.46875,1604.5,N/A,N/A,2022-05-16,9,False,False,8.75,pdc,"8.75"" Schlumberger Z613S",Schlumberger,Z613S,JV4293,2.291767297101148,"[{'size': 16, 'count': 6}, {'size': 22, 'count': 3}]",N/A,N/A,"7"" MS Directional 7/8 6.9",MS Directional,7/8 6.9,7,34.57,0.25,N/A,N/A,6.9,N/A,6,13,high,"SLB-Z:Z613S->B6,13mm",7/8,lo
50782646,Spohn Ranch 42H,Escondido Resources,5.7,intermediate,4,10139,18078.11133,7939.1,N/A,N/A,2022-05-19,9,False,False,8.75,pdc,"8.75"" Schlumberger Z613S",Schlumberger,Z613S,JV5482,2.291767297101148,"[{'size': 16, 'count': 6}, {'size': 22, 'count': 3}]",N/A,N/A,"7"" MS Directional 7/8 6.9 stg",MS Directional,7/8 6.9 stg,7,34.73,0.25,N/A,N/A,6.9,N/A,6,13,high,"SLB-Z:Z613S->B6,13mm",7/8,lo
28038976,Spohn Ranch 41H,Escondido Resources,5.7,intermediate,1,204,4078.00269,3874.0,N/A,N/A,2022-05-01,8,False,False,12.25,pdc,"12.25"" Varel RSY616P",Varel,RSY616P,4010779,0.9940195505498954,"[{'size': 12, 'count': 9}]",N/A,N/A,"9.625"" MS Directional XL Performance 7/8 7.0",MS Directional,XL Performance 7/8 7.0,9.625,34.85,0.18,N/A,N/A,7,N/A,6,16,check,"fallback-3dig:RSY616P->B6,16mm",7/8,lo
28038976,Spohn Ranch 41H,Escondido Resources,5.7,intermediate,2,4078,6876.61279,2798.6,N/A,N/A,2022-05-26,9,False,False,8.75,pdc,"8.75"" Schlumberger Z613",Schlumberger,Z613,JV4695,1.16659238918703,"[{'size': 13, 'count': 9}]",N/A,N/A,"7"" MS Directional 5/6 9.4",MS Directional,5/6 9.4,7,34.49,0.4,N/A,N/A,9.4,N/A,6,13,high,"SLB-Z:Z613->B6,13mm",5/6,mid
28038976,Spohn Ranch 41H,Escondido Resources,5.7,intermediate,3,6876.61,9580.01758,2703.4,N/A,N/A,2022-05-28,9,False,False,8.75,pdc,"8.75"" Ulterra SPL616",Ulterra,SPL616,61656,1.16659238918703,"[{'size': 13, 'count': 9}]",N/A,N/A,"7"" MS Directional 7/8 6.9 stg",MS Directional,7/8 6.9 stg,7,34.65,0.25,N/A,N/A,6.9,N/A,6,16,high,"Ulterra:SPL616->B6,16mm",7/8,lo
28038976,Spohn Ranch 41H,Escondido Resources,5.7,intermediate,4,9580,22063.0625,12483.1,N/A,N/A,2022-05-30,9,False,False,8.75,pdc,"8.75"" Schlumberger Z613s",Schlumberger,Z613s,JV9223,2.236543988737265,"[{'size': 18, 'count': 9}]",N/A,N/A,"7"" MS Directional 7/8 6.9",MS Directional,7/8 6.9,7,34.63,0.25,N/A,N/A,6.9,N/A,6,13,high,"SLB-Z:Z613s->B6,13mm",7/8,lo
28038976,Spohn Ranch 41H,Escondido Resources,5.7,intermediate,4.1,22063,22063.0625,0.1,N/A,N/A,2022-06-07,9,False,False,8.75,pdc,Placeholder BHA,N/A,N/A,N/A,2.236543988737265,"[{'size': 18, 'count': 9}]",N/A,N/A,Placeholder BHA,N/A,N/A,7,34.63,0.25,N/A,N/A,6.9,N/A,,,,skip,,
72458562,Spohn Ranch 40H,Escondido Resources,5.7,intermediate,1,205,4078.01318,3873.0,N/A,N/A,2022-04-29,8,False,False,12.25,pdc,"12.25"" Varel VION-616s",Varel,VION-616s,9004436,0.9940195505498954,"[{'size': 12, 'count': 9}]",N/A,N/A,"9.625"" MS Directional 7/8 7.0 Fxd 1.50deg w/ 11 5/8 NBS",MS Directional,7/8 7.0 Fxd 1.50deg w/ 11 5/8 NBS,9.625,35.02,0.18,N/A,N/A,7,N/A,6,16,high,"Varel:VION-616s->B6,16mm",7/8,lo
72458562,Spohn Ranch 40H,Escondido Resources,5.7,intermediate,1.1,4078.01,4078.01318,0.0,N/A,N/A,2022-04-30,8,False,False,12.25,pdc,Wiper Trip,N/A,N/A,N/A,0.9940195505498954,"[{'size': 12, 'count': 9}]",N/A,N/A,Placeholder BHA,N/A,N/A,9.625,35.02,0.18,N/A,N/A,7,N/A,,,,skip,,
72458562,Spohn Ranch 40H,Escondido Resources,5.7,intermediate,2,4078.01,9955.29297,5877.3,N/A,N/A,2022-06-11,9,False,False,8.75,pdc,"8.75"" Schlumberger Z613s",Schlumberger,Z613s,JV9226,2.236543988737265,"[{'size': 18, 'count': 9}]",N/A,N/A,"6.938"" MS Directional 5/6 9.4 stg",MS Directional,5/6 9.4 stg,6.938,34.48,0.4,N/A,N/A,9.4,N/A,6,13,high,"SLB-Z:Z613s->B6,13mm",5/6,mid
72458562,Spohn Ranch 40H,Escondido Resources,5.7,intermediate,3,9955.29,21878.16016,11922.9,N/A,N/A,2022-06-14,9,False,False,8.75,pdc,"8.75"" Schlumberger Z613s",Schlumberger,Z613s,JV4406,2.291767297101148,"[{'size': 16, 'count': 6}, {'size': 22, 'count': 3}]",N/A,N/A,"6.875"" MS Directional 7/8 6.9",MS Directional,7/8 6.9,6.875,34.68,0.25,N/A,N/A,6.9,N/A,6,13,high,"SLB-Z:Z613s->B6,13mm",7/8,lo
11924169,Galvan Ranch B924H,SM Energy,9.6,intermediate,1,108.2,3578.295,3470.1,N/A,N/A,2024-06-10,12,False,False,12.25,pdc,"12.25"" Varel VION 616",Varel,VION 616,4016019,0.8352525390037316,"[{'size': 11, 'count': 9}]",N/A,N/A,"8"" KLX K Series 7/8 5.9",KLX,K Series 7/8 5.9,8,37.85,0.16,N/A,N/A,5.9,N/A,6,16,high,"Varel:VION 616->B6,16mm",7/8,lo
11924169,Galvan Ranch B924H,SM Energy,9.6,intermediate,2,3578.3,7904.096,4325.8,N/A,N/A,2024-06-12,11,False,False,8.75,pdc,"8.75"" Taurex TSd616",Taurex,TSd616,S14894,0.8352525390037316,"[{'size': 11, 'count': 9}]",N/A,N/A,"7"" KLX K-Series 6/7 6.5",KLX,K-Series 6/7 6.5,7,37.44,0.23,N/A,N/A,6.5,N/A,6,16,high,"TX:TSd616->B6,16mm",6/7,lo
11924169,Galvan Ranch B924H,SM Energy,9.6,intermediate,3,7904,8179.834,275.8,N/A,N/A,2024-06-14,11,False,True,8.75,pdc,"8.75"" Baker Hughes DD406TS",Baker Hughes,DD406TS,5352011,1.352971054915135,"[{'size': 14, 'count': 9}]",N/A,N/A,"7"" KLX 5/6 9.5",KLX,5/6 9.5,7,38.7,0.344,N/A,N/A,9.5,N/A,6,13,high,Baker:DD406TS->C40B6(frac),5/6,mid
11924169,Galvan Ranch B924H,SM Energy,9.6,intermediate,4,8180,8488.53,308.5,N/A,N/A,2024-06-15,11,False,True,8.75,pdc,"8.75"" Baker Hughes DD406TS",Baker Hughes,DD406TS,5352011,1.352971054915135,"[{'size': 14, 'count': 9}]",N/A,N/A,"7"" KLX 5/6 8.4",KLX,5/6 8.4,7,36.62,0.35,N/A,N/A,8.4,N/A,6,13,high,Baker:DD406TS->C40B6(frac),5/6,mid
11924169,Galvan Ranch B924H,SM Energy,9.6,intermediate,5,8488,8697.979,210.0,N/A,N/A,2024-06-15,11,False,True,8.75,pdc,"8.75"" Ulterra SPL613",Ulterra,SPL613,71115,1.352971054915135,"[{'size': 14, 'count': 9}]",N/A,N/A,"6.75"" KLX 7/8 5.0",KLX,7/8 5.0,6.75,26.68,0.29,N/A,N/A,5,N/A,6,13,high,"Ulterra:SPL613->B6,13mm",7/8,lo
11924169,Galvan Ranch B924H,SM Energy,9.6,intermediate,6,8698,13792.58,5094.6,N/A,N/A,2024-06-16,11,False,True,8.75,pdc,"8.75"" Halliburton  HD64s",Halliburton, HD64s,1282739,1.767145867644259,"[{'size': 16, 'count': 9}]",N/A,N/A,"7"" KLX  K-Series 5/6 9.5",KLX, K-Series 5/6 9.5,7,38.7,0.344,N/A,N/A,9.5,N/A,6,13,high,"HAL:HD64s->B6,C4(frac)",5/6,mid
11924169,Galvan Ranch B924H,SM Energy,9.6,intermediate,7,13793,17227.35,3434.3,N/A,N/A,2024-06-19,11,False,True,8.75,pdc,"8.75"" NOV TK63-G4",NOV,TK63-G4 ,A299662,1.352971054915135,"[{'size': 14, 'count': 9}]",N/A,N/A,"7"" KLX 5/6 8.4",KLX,5/6 8.4,7,35.72,0.35,N/A,N/A,8.4,N/A,6,13,high,"NOV-TK:TK63-G4->B6,C3",5/6,mid
12095535,Galvan Ranch B922H,SM Energy,9.6,intermediate,1,105.2,3582.17,3477.0,N/A,N/A,2024-06-09,12,False,False,12.25,pdc,"12.25"" Varel VION 616",Varel,VION 616,4016019,0.8352525390037316,"[{'size': 11, 'count': 9}]",N/A,N/A,"8"" KLX K-Series 7/8 5.9 stg",KLX,K-Series 7/8 5.9 stg,8,37.99,0.16,N/A,N/A,5.9,N/A,6,16,high,"Varel:VION 616->B6,16mm",7/8,lo
12095535,Galvan Ranch B922H,SM Energy,9.6,intermediate,2,3582.17,7905.102,4322.9,N/A,N/A,2024-06-24,11,False,False,8.75,pdc,"8.75"" Taurex TSd616",Taurex,TSd616,S13695,0.8352525390037316,"[{'size': 11, 'count': 9}]",N/A,N/A,"7"" KLX 6/7 6.5",KLX,6/7 6.5,7,37.44,0.23,N/A,N/A,6.5,N/A,6,16,high,"TX:TSd616->B6,16mm",6/7,lo
12095535,Galvan Ranch B922H,SM Energy,9.6,intermediate,3,7905.1,16941.04,9035.9,N/A,N/A,2024-06-26,11,False,True,8.75,pdc,"8.75"" NOV TKC63 G5",NOV,TKC63 G5,A306958,1.352971054915135,"[{'size': 14, 'count': 9}]",N/A,N/A,"7"" KLX 5/6 9.5 Stg",KLX,5/6 9.5 Stg,7,38.7,0.344,N/A,N/A,9.5,N/A,6,13,high,"NOV-TK:TKC63 G5->B6,C3",5/6,mid
89084185,La Muela Quick PSA 2H,Pursuit Oil & Gas,10.4,intermediate,2,4820,10187.3,5367.3,N/A,N/A,2019-10-24,7,False,False,8.75,pdc,"8.75"" Ulterra SPL616",Ulterra,SPL616,47404,2.2365439887372647,"[{'size': 18, 'count': 9}]",N/A,N/A,"7"" ProDirectional 7/8 6.9",ProDirectional,7/8 6.9,7,34.62,0.25,N/A,N/A,6.9,N/A,6,16,high,"Ulterra:SPL616->B6,16mm",7/8,lo
89084185,La Muela Quick PSA 2H,Pursuit Oil & Gas,10.4,intermediate,1,112,4820.1,4708.1,N/A,N/A,2019-10-06,10,False,False,12.25,pdc,"12.25"" NOV TK69",NOV,TK69,A265471,1.16659238918703,"[{'size': 13, 'count': 9}]",N/A,N/A,"9.625"" NOV 6/7 50",NOV,6/7 50,9.625,29.65,0.127,N/A,N/A,5,N/A,6,?(9),check,"NOV-TK:TK69->B6,C9",6/7,lo
89084185,La Muela Quick PSA 2H,Pursuit Oil & Gas,10.4,intermediate,3,10187,10599,412,N/A,N/A,2019-10-26,9,False,True,8.75,pdc,"8.75"" Baker Hughes DD406TS",Baker Hughes,DD406TS,5305105,0.9940195505498954,"[{'size': 12, 'count': 9}]",N/A,N/A,"7"" ProDirectional 5/6 8.2",ProDirectional,5/6 8.2,7,31.37,0.42,N/A,N/A,8.2,N/A,6,13,high,Baker:DD406TS->C40B6(frac),5/6,mid
89084185,La Muela Quick PSA 2H,Pursuit Oil & Gas,10.4,intermediate,4,10599,10800.8,201.8,N/A,N/A,2019-10-27,9,False,True,8.75,Tri Cone,"8.75"" Schlumberger XR+",Schlumberger,XR+,RL0562,2.0708740636456158,"[{'size': 30, 'count': 3}]",N/A,N/A,"7"" ProDirectional 7/8 5.0",ProDirectional,7/8 5.0,7,24.99,0.28,N/A,N/A,5,N/A,?,?,unknown,no_match:XR+,7/8,lo
89084185,La Muela Quick PSA 2H,Pursuit Oil & Gas,10.4,intermediate,5,10800,22004,11204,N/A,N/A,2019-10-29,9,False,True,8.75,pdc,"8.75"" Baker Hughes DD406S",Baker Hughes,DD406S,5304220,1.0354370318228079,"[{'size': 15, 'count': 6}]",N/A,N/A,"7"" ProDirectional 5/6 8.2",ProDirectional,5/6 8.2,7,29.33,0.42,N/A,N/A,8.2,N/A,6,13,high,Baker:DD406S->C40B6(frac),5/6,mid
59701710,La Muela Quick PSA 3H,Pursuit Oil & Gas,10.4,intermediate,2,4825,10279.4,5454.4,N/A,N/A,2019-11-05,7,False,False,8.75,pdc,"8.75"" Ulterra SPL616",Ulterra,SPL616,47536,2.2365439887372647,"[{'size': 18, 'count': 9}]",N/A,N/A,"7"" ProDirectional Pro Power 7/8 6.9 stg",ProDirectional,Pro Power 7/8 6.9 stg,7,34.55,0.25,N/A,N/A,6.9,N/A,6,16,high,"Ulterra:SPL616->B6,16mm",7/8,lo
59701710,La Muela Quick PSA 3H,Pursuit Oil & Gas,10.4,intermediate,1,102,4825,4723,N/A,N/A,2019-10-08,10,False,False,12.25,pdc,"12.25"" NOV TK69",NOV,TK69,A266416,1.16659238918703,"[{'size': 13, 'count': 9}]",N/A,N/A,"9.625"" NOV 6/7 5.0 stg",NOV,6/7 5.0 stg,9.625,29.65,0.13,N/A,N/A,5,N/A,6,?(9),check,"NOV-TK:TK69->B6,C9",6/7,lo
59701710,La Muela Quick PSA 3H,Pursuit Oil & Gas,10.4,intermediate,4,18893,21810.1,2917.1,N/A,N/A,2019-11-10,9,False,True,8.75,pdc,"8.75"" Ulterra SPL616",Ulterra,SPL616,48413,2.9728547669223726,"[{'size': 18, 'count': 3}, {'size': 22, 'count': 6}]",N/A,N/A,"7"" ProDirectional Pro Power 5/6 9.4 stg",ProDirectional,Pro Power 5/6 9.4 stg,7,34.65,0.4,N/A,N/A,9.4,N/A,6,16,high,"Ulterra:SPL616->B6,16mm",5/6,mid
59701710,La Muela Quick PSA 3H,Pursuit Oil & Gas,10.4,intermediate,3,10279,18893.7,8614.7,N/A,N/A,2019-11-07,9,False,True,8.75,pdc,"8.75"" Baker Hughes DD406S",Baker Hughes,DD406S,5305430,1.0354370318228079,"[{'size': 15, 'count': 6}]",N/A,N/A,"7"" ProDirectional Pro Power 5/6 9.4 stg",ProDirectional,Pro Power 5/6 9.4 stg,7,29.25,0.4,N/A,N/A,9.4,N/A,6,13,high,Baker:DD406S->C40B6(frac),5/6,mid
26355794,Quick Ranch B Pad 3H,Pursuit Oil & Gas,10.5,intermediate,1,492,4940.066,4448.1,N/A,N/A,2021-12-02,10,False,False,12.25,pdc,"12.25"" NOV TK66-AB1",NOV,TK66-AB1,A283051,1.6659031356438063,"[{'size': 18, 'count': 3}, {'size': 20, 'count': 3}]",N/A,N/A,"9.625"" NOV 6/7 5.0",NOV,6/7 5.0,9.625,30.19,0.13,N/A,N/A,5,N/A,6,16,high,"NOV-TK:TK66-AB1->B6,C6",6/7,lo
26355794,Quick Ranch B Pad 3H,Pursuit Oil & Gas,10.5,intermediate,2,4940,10424.28,5484.3,N/A,N/A,2021-12-09,9,False,False,8.75,pdc,"8.75"" Baker Hughes D506TWSX",Baker Hughes,D506TWSX,5320250,1.16659238918703,"[{'size': 13, 'count': 9}]",N/A,N/A,"6.75"" ProDirectional 7/8 6.9",ProDirectional,7/8 6.9,6.75,34.54,0.25,N/A,N/A,6.9,N/A,6,16,high,Baker:D506TWSX->C50B6(frac),7/8,lo
26355794,Quick Ranch B Pad 3H,Pursuit Oil & Gas,10.5,intermediate,3,10424.28,22750,12325.7,N/A,N/A,2021-12-11,11,False,True,8.75,pdc,"8.75"" Baker Hughes DD506TS",Baker Hughes,DD506TS,5324295,2.2365439887372647,"[{'size': 18, 'count': 9}]",N/A,N/A,"7"" ProDirectional 5/6 8.2",ProDirectional,5/6 8.2,7,31.57,0.426,N/A,N/A,8.2,N/A,6,16,high,Baker:DD506TS->C50B6(frac),5/6,mid
49328895,Quick Ranch B Pad 1H,Pursuit Oil & Gas,10.5,intermediate,1,502,4961.333,4459.3,N/A,N/A,2021-12-06,10,False,False,12.25,pdc,"12.25"" Ulterra U616S",Ulterra,U616S,58268,1.6659031356438063,"[{'size': 18, 'count': 3}, {'size': 20, 'count': 3}]",N/A,N/A,"9.625"" NOV 6/7 5.0",NOV,6/7 5.0,9.625,30.05,0.13,N/A,N/A,5,N/A,6,16,high,"Ulterra-U:U616S->B6,16mm",6/7,lo
49328895,Quick Ranch B Pad 1H,Pursuit Oil & Gas,10.5,intermediate,2,4961,10437.24,5476.2,N/A,N/A,2022-01-10,10,False,False,8.75,pdc,"8.75"" Baker Hughes D506TWSX",Baker Hughes,D506TWSX,5323381,1.16659238918703,"[{'size': 13, 'count': 9}]",N/A,N/A,"7"" ProDirectional 7/8 6.9",ProDirectional,7/8 6.9,7,35.5,0.25,N/A,N/A,6.9,N/A,6,16,high,Baker:D506TWSX->C50B6(frac),7/8,lo
49328895,Quick Ranch B Pad 1H,Pursuit Oil & Gas,10.5,intermediate,3,10437,23535.81,13098.8,N/A,N/A,2022-01-13,11,False,True,8.75,pdc,"8.75"" Baker Hughes DD506TS",Baker Hughes,DD506TS,5326157,2.2365439887372647,"[{'size': 18, 'count': 9}]",N/A,N/A,"7"" ProDirectional 5/6 8.2",ProDirectional,5/6 8.2,7,31.57,0.426,N/A,N/A,8.2,N/A,6,16,high,Baker:DD506TS->C50B6(frac),5/6,mid
81210538,Quick Ranch B Pad 2H,Pursuit Oil & Gas,10.5,intermediate,1,4910,4910.07,0.1,N/A,N/A,2021-12-05,10,False,False,12.25,pdc,"12.25"" Ulterra U616",Ulterra,U616,57983,1.6659031356438063,"[{'size': 18, 'count': 3}, {'size': 20, 'count': 3}]",N/A,N/A,"9.625"" NOV 6/7 5.0 POB Elastomer",NOV,6/7 5.0 POB Elastomer,9.625,29.97,0.13,N/A,N/A,5,N/A,6,16,high,"Ulterra-U:U616->B6,16mm",6/7,lo
81210538,Quick Ranch B Pad 2H,Pursuit Oil & Gas,10.5,intermediate,2,4910,10235,5325,N/A,N/A,2021-12-22,9,False,False,8.75,pdc,"8.75"" Baker Hughes D506TWSX",Baker Hughes,D506TWSX,5323180,1.16659238918703,"[{'size': 13, 'count': 9}]",N/A,N/A,"7"" ProDirectional ProPower 7/8 6.9",ProDirectional,ProPower 7/8 6.9,7,34.89,0.25,N/A,N/A,6.9,N/A,6,16,high,Baker:D506TWSX->C50B6(frac),7/8,lo
81210538,Quick Ranch B Pad 2H,Pursuit Oil & Gas,10.5,intermediate,3,10235,22721,12486,N/A,N/A,2021-12-24,11,False,True,8.75,pdc,"8.75"" Baker Hughes DD506TS",Baker Hughes,DD506TS,5326157,2.2365439887372647,"[{'size': 18, 'count': 9}]",N/A,N/A,"7"" ProDirectional PPM 5/6 8.2 stg",ProDirectional,PPM 5/6 8.2 stg,7,31.57,0.426,N/A,N/A,8.2,N/A,6,16,high,Baker:DD506TS->C50B6(frac),5/6,mid
28415581,Cerrito Julius 62H,Escondido Resources,11.2,intermediate,1,204,4852.02051,4648.0,N/A,N/A,2022-11-03,8,False,False,12.25,pdc,"12.25"" Schlumberger MDSi613",Schlumberger,MDSi613,27761,1.178097245096172,"[{'size': 16, 'count': 6}]",N/A,N/A,"8.688"" MS Directional 7/8 7.0",MS Directional,Hybrid 7/8 7.0,8.688,34.73,0.18,N/A,N/A,7,N/A,6,13,check,"fallback-3dig:MDSi613->B6,13mm",7/8,lo
28415581,Cerrito Julius 62H,Escondido Resources,11.2,intermediate,2,4852,16033.48047,11181.5,N/A,N/A,2022-11-07,9,False,False,8.75,pdc,"8.75"" Schlumberger Z613S",Schlumberger,Z613S,JV6274,1.767145867644259,"[{'size': 16, 'count': 9}]",N/A,N/A,"6.938"" BHA 5/6 9.4",BHA,5/6 9.4,6.938,34.74,0.4,N/A,N/A,9.4,N/A,6,13,high,"SLB-Z:Z613S->B6,13mm",5/6,mid
28415581,Cerrito Julius 62H,Escondido Resources,11.2,intermediate,3,16033,19929.13477,3896.1,N/A,N/A,2022-11-13,7,False,False,8.75,pdc,"8.75"" Schlumberger Z613S",Schlumberger,Z613S,JV4338,2.291767297101148,"[{'size': 22, 'count': 3}, {'size': 16, 'count': 6}]",N/A,N/A,"7"" MS Directional XL Performance 7/8 6.9",MS Directional,XL Performance 7/8 6.9,7,34.75,0.25,N/A,N/A,6.9,N/A,6,13,high,"SLB-Z:Z613S->B6,13mm",7/8,lo
29535966,Santa Cruz-La Muela G Unit,Pursuit Oil & Gas,11.3,intermediate,1,118,5175.23,5057.2,N/A,N/A,2022-09-09,9,False,False,12.25,pdc,"12.25"" NOV TK66-AB1",NOV,TK66-AB1,A282327,1.665903135643806,"[{'size': 20, 'count': 3}, {'size': 18, 'count': 3}]",N/A,N/A,"8"" ProDirectional DD800785.9",ProDirectional,DD800785.9,8,37.36,0.155,N/A,N/A,5.9,N/A,6,16,high,"NOV-TK:TK66-AB1->B6,C6",?,lo
29535966,Santa Cruz-La Muela G Unit,Pursuit Oil & Gas,11.3,intermediate,2,5175,10235.01,5060.0,N/A,N/A,2022-09-11,10,False,False,8.75,pdc,"8.75"" Baker Hughes D506TWSX",Baker Hughes,D506TWSX,5332663,1.16659238918703,"[{'size': 13, 'count': 9}]",N/A,N/A,"7"" ProDirectional DD700786.9",ProDirectional,DD700786.9,7,34.41,0.25,N/A,N/A,6.9,N/A,6,16,high,Baker:D506TWSX->C50B6(frac),?,lo
29535966,Santa Cruz-La Muela G Unit,Pursuit Oil & Gas,11.3,intermediate,3,10235,19550,9315,N/A,N/A,2022-09-12,11,False,True,8.75,pdc,"8.75"" Baker Hughes D506TWSX",Baker Hughes,D506TWSX,5329053,2.236543988737265,"[{'size': 18, 'count': 9}]",N/A,N/A,"7"" ProDirectional 5/6 8.2 stg",ProDirectional,5/6 8.2 stg,7,31.3,0.426,N/A,N/A,8.2,N/A,6,16,high,Baker:D506TWSX->C50B6(frac),5/6,mid
29535966,Santa Cruz-La Muela G Unit,Pursuit Oil & Gas,11.3,intermediate,3.1,19550,19550,0,N/A,N/A,2022-09-17,11,False,True,8.75,pdc,Placeholder BHA,N/A,N/A,N/A,2.236543988737265,"[{'size': 18, 'count': 9}]",N/A,N/A,Placeholder BHA,N/A,N/A,7,31.3,0.426,N/A,N/A,8.2,N/A,,,,skip,,
29535966,Santa Cruz-La Muela G Unit,Pursuit Oil & Gas,11.3,intermediate,4,19550,21514.96,1965.0,N/A,N/A,2022-09-17,11,False,True,8.75,pdc,"8.75"" Baker Hughes D506TWSX",Baker Hughes,D506TWSX,N/A,2.236543988737265,"[{'size': 18, 'count': 9}]",N/A,N/A,"7"" BHA 5/6 8.2",BHA,5/6 8.2,7,31.54,0.426,N/A,N/A,8.2,N/A,6,16,high,Baker:D506TWSX->C50B6(frac),5/6,mid
30010489,Santa Cruz-La Muela G Unit,Pursuit Oil & Gas,11.3,intermediate,1,110,5185.14,5075.1,N/A,N/A,2022-09-07,9,False,False,12.25,pdc,"12.25"" NOV TK66-AB1",NOV,TK66-AB1,A283050,1.665903135643806,"[{'size': 20, 'count': 3}, {'size': 18, 'count': 3}]",N/A,N/A,"8"" ProDirectional 7/8 5.9",ProDirectional,7/8 5.9,8,37.36,0.155,N/A,N/A,5.9,N/A,6,16,high,"NOV-TK:TK66-AB1->B6,C6",7/8,lo
30010489,Santa Cruz-La Muela G Unit,Pursuit Oil & Gas,11.3,intermediate,2,5185,10329.99,5145.0,N/A,N/A,2022-09-23,10,False,False,8.75,pdc,"8.75"" Baker Hughes D506TSWX",Baker Hughes,D506TSWX,5331585,1.16659238918703,"[{'size': 13, 'count': 9}]",N/A,N/A,"7"" ProDirectional 7/8 6.9 stg",ProDirectional,7/8 6.9 stg,7,34.55,0.25,N/A,N/A,6.9,N/A,6,16,high,Baker:D506TSWX->C50B6(frac),7/8,lo
30010489,Santa Cruz-La Muela G Unit,Pursuit Oil & Gas,11.3,intermediate,3,10329,21289.53,10960.5,N/A,N/A,2022-09-29,11,False,True,8.75,pdc,"8.75"" Baker Hughes DD506TS",Baker Hughes,DD506TS,5331913,2.236543988737265,"[{'size': 18, 'count': 9}]",N/A,N/A,"7"" ProDirectional 5/6 8.2",ProDirectional,5/6 8.2,7,31.56,0.426,N/A,N/A,8.2,N/A,6,16,high,Baker:DD506TS->C50B6(frac),5/6,mid
52143617,Santa Cruz-SSS H Unit A 1H,Pursuit Oil & Gas,11.3,intermediate,1,115,5263.06,5148.1,N/A,N/A,2023-08-29,9,False,False,12.25,pdc,"12.25"" NOV TK66-AB2",NOV,TK66-AB2,A295617,1.352971054915135,"[{'size': 14, 'count': 9}]",N/A,N/A,"9.625"" NOV 6/7 5.0",NOV,6/7 5.0,9.625,29.16,0.13,N/A,N/A,5,N/A,6,16,high,"NOV-TK:TK66-AB2->B6,C6",6/7,lo
52143617,Santa Cruz-SSS H Unit A 1H,Pursuit Oil & Gas,11.3,intermediate,2,5263,10464.14,5201.1,N/A,N/A,2023-09-24,8,False,False,8.75,pdc,"8.75"" Baker Hughes D506TWSX",Baker Hughes,D506TWSX,5341435,1.032369070247037,"[{'size': 12, 'count': 7}, {'size': 13, 'count': 2}]",N/A,N/A,"7"" ProDirectional 7/8 6.9 Stg",ProDirectional,7/8 6.9 Stg,7,34.58,0.25,N/A,N/A,6.9,N/A,6,16,high,Baker:D506TWSX->C50B6(frac),7/8,lo
52143617,Santa Cruz-SSS H Unit A 1H,Pursuit Oil & Gas,11.3,intermediate,3,10464,22396.03,11932.0,N/A,N/A,2023-09-25,11,False,True,8.75,pdc,"8.75"" Baker Hughes DD506TS",Baker Hughes,DD506TS,5332238,2.236543988737265,"[{'size': 18, 'count': 9}]",N/A,N/A,"7"" ProDirectional 5/6 8.4 stg",ProDirectional,5/6 8.4 stg,7,34.69,0.35,N/A,N/A,8.4,N/A,6,16,high,Baker:DD506TS->C50B6(frac),5/6,mid
40920782,Santa Cruz-SSS H Unit B 2H,Pursuit Oil & Gas,11.3,intermediate,1,145.81,5130.15,4984.3,N/A,N/A,2023-08-31,8,False,False,12.25,pdc,"12.25"" NOV TK66-AB2",NOV,TK66-AB2,A295616,1.352971054915135,"[{'size': 14, 'count': 9}]",N/A,N/A,"9.625"" NOV 6/7 5.0",NOV,6/7 5.0,9.625,30.02,0.13,N/A,N/A,5,N/A,6,16,high,"NOV-TK:TK66-AB2->B6,C6",6/7,lo
40920782,Santa Cruz-SSS H Unit B 2H,Pursuit Oil & Gas,11.3,intermediate,2,5130,10284.71,5154.7,N/A,N/A,2023-09-14,8,False,False,8.75,pdc,"8.75"" Baker Hughes D506TWSX",Baker Hughes,D506TWSX,5340729,0.9940195505498954,"[{'size': 12, 'count': 9}]",N/A,N/A,"7"" ProDirectional 7/8 6.9 stg",ProDirectional,7/8 6.9 stg,7,34.4,0.25,N/A,N/A,6.9,N/A,6,16,high,Baker:D506TWSX->C50B6(frac),7/8,lo
40920782,Santa Cruz-SSS H Unit B 2H,Pursuit Oil & Gas,11.3,intermediate,3,10285,10342.72,57.7,N/A,N/A,2023-09-15,11,False,True,8.75,pdc,"8.75"" Baker Hughes DD506TS",Baker Hughes,DD506TS,5341878,2.24,"[{'size': 18, 'count': 9}]",N/A,N/A,"6.75"" ProDirectional 5/6 8.2 Stg.",ProDirectional,5/6 8.2 Stg.,6.75,32.28,0.426,N/A,N/A,8.2,N/A,6,16,high,Baker:DD506TS->C50B6(frac),5/6,mid
40920782,Santa Cruz-SSS H Unit B 2H,Pursuit Oil & Gas,11.3,intermediate,4,10342,19344.03,9002.0,N/A,N/A,2023-09-16,11,False,True,8.75,pdc,"8.75"" Baker Hughes DD506TS",Baker Hughes,DD506TS,5341878,2.24,"[{'size': 18, 'count': 9}]",N/A,N/A,"6.75"" ProDirectional 5/6 8.2 stg",ProDirectional,5/6 8.2 stg,6.75,32.28,0.426,N/A,N/A,8.2,N/A,6,16,high,Baker:DD506TS->C50B6(frac),5/6,mid
40920782,Santa Cruz-SSS H Unit B 2H,Pursuit Oil & Gas,11.3,intermediate,5,19344,20284.06,940.1,N/A,N/A,2023-09-20,11,False,True,8.75,pdc,"8.75"" Baker Hughes DD506TS",Baker Hughes,DD506TS,5341878,2.24,"[{'size': 18, 'count': 9}]",N/A,N/A,"6.75"" ProDirectional 5/6 8.2 stg",ProDirectional,5/6 8.2 stg,6.75,31.35,0.426,N/A,N/A,8.2,N/A,6,16,high,Baker:DD506TS->C50B6(frac),5/6,mid
15570477,Santa Cruz-SSS H Unit C 3H,Pursuit Oil & Gas,11.3,intermediate,1,97.3,5296.29,5199.0,N/A,N/A,2023-09-02,8,False,False,12.25,pdc,"12.25"" NOV TK66-AB2",NOV,TK66-AB2,A302680,1.334563285460508,"[{'size': 16, 'count': 3}, {'size': 18, 'count': 3}]",N/A,N/A,"9.625"" NOV 6/7 5.0 stg",NOV,6/7 5.0 stg,9.625,30.02,0.13,N/A,N/A,5,N/A,6,16,high,"NOV-TK:TK66-AB2->B6,C6",6/7,lo
15570477,Santa Cruz-SSS H Unit C 3H,Pursuit Oil & Gas,11.3,intermediate,2,5296.3,10564.7,5268.4,N/A,N/A,2023-09-05,8,False,False,8.75,pdc,"8.75"" Baker Hughes D506TWSX",Baker Hughes,D506TWSX,5340400,0.9940195505498954,"[{'size': 12, 'count': 9}]",N/A,N/A,"7"" ProDirectional PPM 7/8 6.9 stg",ProDirectional,PPM 7/8 6.9 stg,7,34.59,0.25,N/A,N/A,6.9,N/A,6,16,high,Baker:D506TWSX->C50B6(frac),7/8,lo
15570477,Santa Cruz-SSS H Unit C 3H,Pursuit Oil & Gas,11.3,intermediate,3,10564,20634.06,10070.1,N/A,N/A,2023-09-07,11,False,True,8.75,pdc,"8.75"" Baker Hughes DD506TS",Baker Hughes,DD506TS,5337441,2.236543988737265,"[{'size': 18, 'count': 9}]",N/A,N/A,"6.75"" ProDirectional 5/6 8.2 stg",ProDirectional,5/6 8.2 stg,6.75,31.58,0.426,N/A,N/A,8.2,N/A,6,16,high,Baker:DD506TS->C50B6(frac),5/6,mid
15570477,Santa Cruz-SSS H Unit C 3H,Pursuit Oil & Gas,11.3,intermediate,1.1,5296,5296.29,0.3,N/A,N/A,2023-09-03,8,False,False,12.25,pdc,Wiper Trip,N/A,N/A,N/A,1.334563285460508,"[{'size': 16, 'count': 3}, {'size': 18, 'count': 3}]",N/A,N/A,Placeholder BHA,N/A,N/A,9.625,30.02,0.13,N/A,N/A,5,N/A,,,,skip,,
27257703,La Santa Cruz D 2H,Pursuit Oil & Gas,11.4,intermediate,1,114,4900,4786,N/A,N/A,2021-03-21,11,False,False,12.25,pdc,"12.25"" NOV TK66",NOV,TK66,E266142,1.086058397823034,"[{'size': 14, 'count': 2}, {'size': 16, 'count': 4}]",N/A,N/A,"9.625"" NOV 6/7 5.0",NOV,6/7 5.0,9.625,30.12,0.13,N/A,N/A,5,N/A,6,16,high,"NOV-TK:TK66->B6,C6",6/7,lo
27257703,La Santa Cruz D 2H,Pursuit Oil & Gas,11.4,intermediate,2,4900,10223,5323,N/A,N/A,2021-03-26,8,False,False,8.75,pdc,"8.75"" Ulterra SPL616",Ulterra,SPL616,52235,1.16659238918703,"[{'size': 13, 'count': 9}]",N/A,N/A,"7"" ProDirectional 7/8 6.9",ProDirectional,7/8 6.9,7,34.75,0.25,N/A,N/A,6.9,N/A,6,16,high,"Ulterra:SPL616->B6,16mm",7/8,lo
27257703,La Santa Cruz D 2H,Pursuit Oil & Gas,11.4,intermediate,3,11000,20825.1,9825.1,N/A,N/A,2021-03-28,10,False,True,8.75,pdc,"8.75"" Brit Bit DD406S",Brit Bit,DD406S,5308086,2.227340104009951,"[{'size': 22, 'count': 6}]",N/A,N/A,"6.75"" ProDirectional 5/6 8.2 Stg",ProDirectional,5/6 8.2 Stg,6.75,29.3,0.25,N/A,N/A,8.2,N/A,6,13,high,Baker:DD406S->C40B6(frac),5/6,lo
61331738,Quick-La Santa Cruz PSA D,Pursuit Oil & Gas,11.4,intermediate,1,104,4901,4797,N/A,N/A,2021-03-23,11,False,False,12.25,pdc,"12.25"" NOV TK66",NOV,TK66,A255957,1.086058397823034,"[{'size': 16, 'count': 4}, {'size': 14, 'count': 2}]",N/A,N/A,"9.625"" NOV 6/7 5.0",NOV,6/7 5.0,9.625,30.12,0.13,N/A,N/A,5,N/A,6,16,high,"NOV-TK:TK66->B6,C6",6/7,lo
61331738,Quick-La Santa Cruz PSA D,Pursuit Oil & Gas,11.4,intermediate,2,4901,10413.2,5512.2,N/A,N/A,2021-04-03,8,False,False,8.75,pdc,"8.75"" Ulterra SPL616",Ulterra,SPL616,55059,1.16659238918703,"[{'size': 13, 'count': 9}]",N/A,N/A,"7"" ProDirectional 7/8 6.9",ProDirectional,7/8 6.9,7,34.47,0.25,N/A,N/A,6.9,N/A,6,16,high,"Ulterra:SPL616->B6,16mm",7/8,lo
61331738,Quick-La Santa Cruz PSA D,Pursuit Oil & Gas,11.4,intermediate,3,10310,14909.3,4599.3,N/A,N/A,2021-04-05,10,False,True,8.75,pdc,"8.75"" Baker Hughes DD406S",Baker Hughes,DD406S,5310174,2.227340104009951,"[{'size': 22, 'count': 6}]",N/A,N/A,"6.75"" ProDirectional 5/6 8.2",ProDirectional,5/6 8.2,6.75,29.5,0.426,N/A,N/A,8.2,N/A,6,13,high,Baker:DD406S->C40B6(frac),5/6,mid
61331738,Quick-La Santa Cruz PSA D,Pursuit Oil & Gas,11.4,intermediate,4,14909,20475.2,5566.2,N/A,N/A,2021-04-08,10,False,True,8.75,pdc,"8.75"" Ulterra SPL616",Ulterra,SPL616,49768,1.16659238918703,"[{'size': 13, 'count': 9}]",N/A,N/A,"6.75"" ProDirectional 5/6 8.2 stg",ProDirectional,5/6 8.2 stg,6.75,31.58,0.426,N/A,N/A,8.2,N/A,6,16,high,"Ulterra:SPL616->B6,16mm",5/6,mid
28344054,Burkholder-RJ Unit A 1H,Pursuit Oil & Gas,11.4,intermediate,1,111,5010.2,4899.2,N/A,N/A,2022-07-21,9,False,False,12.25,pdc,"12.25"" NOV TK66-AB1	",NOV,TK66-AB1,A290305,1.665903135643806,"[{'size': 18, 'count': 3}, {'size': 20, 'count': 3}]",N/A,N/A,NOV 9 5/8 6/7 5.0 ( pdm ),NOV,6/7 5.0,9.625,30.03,0.13,N/A,N/A,5,N/A,6,16,high,"NOV-TK:TK66-AB1->B6,C6",6/7,lo
28344054,Burkholder-RJ Unit A 1H,Pursuit Oil & Gas,11.4,intermediate,2,5010,10222.1,5212.1,N/A,N/A,2022-07-27,9,False,False,8.75,pdc,8.75'' Baker D506TWSX,Baker Hughes,D506TWSX,5323401,1.16659238918703,"[{'size': 13, 'count': 9}]",N/A,N/A,7'' ProDirectional DD700786.9 ,ProDirectional,DD700786.9 ,7,34.59,0.25,N/A,N/A,6.9,N/A,6,16,high,Baker:D506TWSX->C50B6(frac),?,lo
28344054,Burkholder-RJ Unit A 1H,Pursuit Oil & Gas,11.4,intermediate,3,10222,20833,10611,N/A,N/A,2022-07-29,11,False,True,8.75,pdc,"8.75"" Baker Hughes DD506TS",Baker Hughes,DD506TS,5332456,2.236543988737265,"[{'size': 18, 'count': 9}]",N/A,N/A,"6.75"" ProDirectional 5/6 8.2 stg",ProDirectional,5/6 8.2 stg,6.75,31.49,0.426,N/A,N/A,8.2,N/A,6,16,high,Baker:DD506TS->C50B6(frac),5/6,mid
30078479,Burkholder-RJ Unit B 2H,Pursuit Oil & Gas,11.4,intermediate,1,133,5110,4977,N/A,N/A,2022-07-23,9,False,False,12.25,pdc,"12.25"" NOV SK616M-Q1",NOV,SK616M-Q1,A272321,1.67,"[{'size': 18, 'count': 3}, {'size': 20, 'count': 3}]",N/A,N/A,"9.625"" NOV 6/7 5.0 FBH @ 1.50 W/ 11.75 NB Stab",NOV,6/7 5.0 FBH @ 1.50 W/ 11.75 NB Stab,9.625,30.03,0.13,N/A,N/A,5,N/A,6,16,check,"fallback-3dig:SK616M-Q1->B6,16mm",6/7,lo
30078479,Burkholder-RJ Unit B 2H,Pursuit Oil & Gas,11.4,intermediate,1.1,5110,5110,0,N/A,N/A,2022-07-25,9,False,False,12.25,pdc,Placeholder BHA,N/A,N/A,N/A,1.67,"[{'size': 18, 'count': 3}, {'size': 20, 'count': 3}]",N/A,N/A,Placeholder BHA,N/A,N/A,9.625,30.03,0.13,N/A,N/A,5,N/A,,,,skip,,
30078479,Burkholder-RJ Unit B 2H,Pursuit Oil & Gas,11.4,intermediate,2,5110,10235.99,5126.0,N/A,N/A,2022-08-04,10,False,False,8.75,pdc,Baker Hughes D506TWSX,Baker Hughes,D506TWSX,5327053,1.16659238918703,"[{'size': 13, 'count': 9}]",N/A,N/A,BHA 7/8 6.9 Stg,N/A,7/8 6.9 Stg,7,34.5,0.426,N/A,N/A,6.9,N/A,6,16,high,Baker:D506TWSX->C50B6(frac),7/8,mid
30078479,Burkholder-RJ Unit B 2H,Pursuit Oil & Gas,11.4,intermediate,3,10235.99,21215.98,10980.0,N/A,N/A,2022-08-05,11,False,True,8.75,pdc,"8.75"" Baker Hughes DD506TS",Baker Hughes,DD506TS,5332660,2.236543988737265,"[{'size': 18, 'count': 9}]",N/A,N/A,"6.75"" BHA 5/6 8.2",BHA,5/6 8.2,6.75,31.69,0.426,N/A,N/A,8.2,N/A,6,16,high,Baker:DD506TS->C50B6(frac),5/6,mid
63309081,SSS-Burkholder Unit A 1H,Pursuit Oil & Gas,11.5,intermediate,1,42,4135.3,4093.3,N/A,N/A,2020-10-12,10,False,False,12.25,pdc,"12.25"" NOV TK69",NOV,TK69,A265989,1.0929613113685193,"[{'size': 11, 'count': 2}, {'size': 13, 'count': 7}]",N/A,N/A,"9.625"" Baker Hughes 6/7 5.0 stg",Baker Hughes,6/7 5.0 stg,9.625,29.75,0.13,N/A,N/A,5,N/A,6,?(9),check,"NOV-TK:TK69->B6,C9",6/7,lo
63309081,SSS-Burkholder Unit A 1H,Pursuit Oil & Gas,11.5,intermediate,2,4135,5080.4,945.4,N/A,N/A,2020-10-13,10,False,False,12.25,pdc,"12.25"" Ulterra U616S",Ulterra,U616S,51262,1.0354370318228079,"[{'size': 15, 'count': 6}]",N/A,N/A,"9.625"" NOV 5.0 6/7",NOV,5.0 6/7,9.625,29.75,0.13,N/A,N/A,5,N/A,6,16,high,"Ulterra-U:U616S->B6,16mm",6/7,lo
63309081,SSS-Burkholder Unit A 1H,Pursuit Oil & Gas,11.5,intermediate,3,5080,10319.3,5239.3,N/A,N/A,2020-10-16,7,False,False,8.75,pdc,"8.75"" Ulterra SP616",Ulterra,SP616,53492,1.16659238918703,"[{'size': 13, 'count': 9}]",N/A,N/A,"7"" ProDirectional 7/8 6.9 Stg.",ProDirectional,7/8 6.9 Stg.,7,34.52,0.25,N/A,N/A,6.9,N/A,6,16,check,"fallback-3dig:SP616->B6,16mm",7/8,lo
63309081,SSS-Burkholder Unit A 1H,Pursuit Oil & Gas,11.5,intermediate,4,10319,19806.9,9487.9,N/A,N/A,2020-10-18,10,False,True,8.75,pdc,"8.75"" Baker Hughes DD406S",Baker Hughes,DD406S,5309003,2.227340104009951,"[{'size': 22, 'count': 6}]",N/A,N/A,"7"" ProDirectional 5/6 8.2",ProDirectional,5/6 8.2,7,29.4,0.426,N/A,N/A,8.2,N/A,6,13,high,Baker:DD406S->C40B6(frac),5/6,mid
38954147,SSS-Burkholder Unit B 2H,Pursuit Oil & Gas,11.5,intermediate,1,60,4940.2,4880.2,N/A,N/A,2020-10-14,10,False,False,12.25,pdc,"12.25"" Ulterra U616S",Ulterra,U616S,50810,1.0354370318228079,"[{'size': 15, 'count': 6}]",N/A,N/A,"9.625"" NOV 5.0 6/7",NOV,5.0 6/7,9.625,29.39,0.13,N/A,N/A,5,N/A,6,16,high,"Ulterra-U:U616S->B6,16mm",6/7,lo
38954147,SSS-Burkholder Unit B 2H,Pursuit Oil & Gas,11.5,intermediate,2,4940,10320,5380,N/A,N/A,2020-10-23,7,False,False,8.75,pdc,"8.75"" Ulterra SPL616",Ulterra,SPL616,52232,1.16659238918703,"[{'size': 13, 'count': 9}]",N/A,N/A,"6.68"" Baker Hughes 7/8 6.9 stg",Baker Hughes,7/8 6.9 stg,6.68,34.41,0.29,N/A,N/A,6.9,N/A,6,16,high,"Ulterra:SPL616->B6,16mm",7/8,lo
38954147,SSS-Burkholder Unit B 2H,Pursuit Oil & Gas,11.5,intermediate,3,10320,20606,10286,N/A,N/A,2020-10-25,10,False,True,8.75,pdc,"8.75"" Baker Hughes DD406S",Baker Hughes,DD406S,5306153,2.227340104009951,"[{'size': 22, 'count': 6}]",N/A,N/A,"6.75"" ProDirectional 5/6 8.5",ProDirectional,5/6 8.5,6.75,29.46,0.426,N/A,N/A,8.2,N/A,6,13,high,Baker:DD406S->C40B6(frac),5/6,mid
71837231,La Muela 1H (Original),Pursuit Oil & Gas,11.6,intermediate,1,130,4736,4606,N/A,N/A,2017-10-24,8,False,False,12.25,pdc,"12.25"" Ulterra U616M",Ulterra,U616M,37323,1.1780972450961724,"[{'size': 16, 'count': 6}]",N/A,N/A,"8"" ProDirectional 7/8 4.0",ProDirectional,7/8 4.0,8,27.6,0.16,N/A,N/A,4,N/A,6,16,high,"Ulterra-U:U616M->B6,16mm",7/8,lo
71837231,La Muela 1H (Original),Pursuit Oil & Gas,11.6,intermediate,2,4736,10030.9,5294.9,N/A,N/A,2017-10-27,7,False,False,8.75,pdc,"8.75"" Ulterra U616M",Ulterra,U616M,35140,1.1780972450961724,"[{'size': 16, 'count': 6}]",N/A,N/A,"6.75"" ProDirectional 7/8 5.7",ProDirectional,7/8 5.7,6.75,31.12,0.24,N/A,N/A,5.7,N/A,6,16,high,"Ulterra-U:U616M->B6,16mm",7/8,lo
71837231,La Muela 1H (Original),Pursuit Oil & Gas,11.6,intermediate,3,10030,19933.1,9903.1,N/A,N/A,2017-10-29,8,False,False,8.75,pdc,"8.75"" Baker Hughes TD406FS",Baker Hughes,TD406FS,5272388,1.8407769454627694,"[{'size': 20, 'count': 6}]",N/A,N/A,"7"" ProDirectional 5/6 8.2",ProDirectional,5/6 8.2,7,29.08,0.41,N/A,N/A,8.2,N/A,6,13,high,Baker:TD406FS->C40B6(frac),5/6,mid
39762212,La Muela 1H (Additional 2),Pursuit Oil & Gas,11.6,intermediate,1,130,4736,4606,N/A,N/A,2019-10-24,8,False,False,12.25,pdc,"12.25"" Ulterra U616M",Ulterra,U616M,37323,1.1780972450961724,"[{'size': 16, 'count': 6}]",N/A,N/A,"8"" ProDirectional 7/8 4.0",ProDirectional,7/8 4.0,8,27.6,0.16,N/A,N/A,4,N/A,6,16,high,"Ulterra-U:U616M->B6,16mm",7/8,lo
39762212,La Muela 1H (Additional 2),Pursuit Oil & Gas,11.6,intermediate,2,4736,10030.9,5294.9,N/A,N/A,2019-10-27,7,False,False,8.75,pdc,"8.75"" Ulterra U616M",Ulterra,U616M,35140,1.1780972450961724,"[{'size': 16, 'count': 6}]",N/A,N/A,"6.75"" ProDirectional 7/8 5.7",ProDirectional,7/8 5.7,6.75,31.12,0.24,N/A,N/A,5.7,N/A,6,16,high,"Ulterra-U:U616M->B6,16mm",7/8,lo
39762212,La Muela 1H (Additional 2),Pursuit Oil & Gas,11.6,intermediate,3,10030,19933.1,9903.1,N/A,N/A,2019-10-29,8,False,False,8.75,pdc,"8.75"" Baker Hughes TD406FS",Baker Hughes,TD406FS,5272388,1.8407769454627694,"[{'size': 20, 'count': 6}]",N/A,N/A,"7"" ProDirectional 5/6 8.2",ProDirectional,5/6 8.2,7,29.08,0.41,N/A,N/A,8.2,N/A,6,13,high,Baker:TD406FS->C40B6(frac),5/6,mid
21462195,SSS-Burkholder M Unit C 3H,Pursuit Oil & Gas,11.6,intermediate,1,110,5180.2,5070.2,N/A,N/A,2024-11-23,8,False,False,12.25,pdc,"12.25"" NOV TKC66-AB5",NOV,TKC66-AB5,A305873,1.352971054915135,"[{'size': 14, 'count': 9}]",N/A,N/A,"9.625"" NOV 6/7 5 Stg",NOV,6/7 5 Stg,9.625,29.78,0.13,N/A,N/A,5,N/A,6,16,high,"NOV-TK:TKC66-AB5->B6,C6",6/7,lo
21462195,SSS-Burkholder M Unit C 3H,Pursuit Oil & Gas,11.6,intermediate,2,5180.2,10154.8,4974.6,N/A,N/A,2024-12-11,7,False,False,8.75,pdc,"8.75"" Baker Hughes D506TWSX",Baker Hughes,D506TWSX,5351534,0.9940195505498954,"[{'size': 12, 'count': 9}]",N/A,N/A,"7"" KLX K-Series 5/6 8.4 stg",KLX,K-Series 5/6 8.4 stg,7,36.62,0.35,N/A,N/A,8.4,N/A,6,16,high,Baker:D506TWSX->C50B6(frac),5/6,mid
21462195,SSS-Burkholder M Unit C 3H,Pursuit Oil & Gas,11.6,intermediate,3,10154,21747.1,11593.1,N/A,N/A,2024-12-12,10,False,True,8.75,pdc,"8.75"" Baker Hughes D506TWSXX",Baker Hughes,D506TWSXX,5351534,0.9940195505498954,"[{'size': 12, 'count': 9}]",N/A,N/A,"7"" KLX K-Series 5/6 9.5",KLX,K-Series 5/6 9.5,7,38.74,0.34,N/A,N/A,9.5,N/A,6,16,high,Baker:D506TWSXX->C50B6(frac),5/6,mid
58582692,SSS-Burkholder M Unit E 5H,Pursuit Oil & Gas,11.6,intermediate,1,110,5264,5154,N/A,N/A,2024-11-26,9,False,False,12.25,pdc,"12.25"" NOV TKC66-AB4",NOV,TKC66-AB4,A30463,1.334563285460508,"[{'size': 16, 'count': 3}, {'size': 18, 'count': 3}]",N/A,N/A,"9.625"" NOV 6/7 5.0",NOV,6/7 5.0,9.625,29.78,0.13,N/A,N/A,5,N/A,6,16,high,"NOV-TK:TKC66-AB4->B6,C6",6/7,lo
58582692,SSS-Burkholder M Unit E 5H,Pursuit Oil & Gas,11.6,intermediate,2,5264,10278.6,5014.6,N/A,N/A,2024-11-29,9,False,False,8.75,pdc,"8.75"" Baker Hughes D506TWSX",Baker Hughes,D506TWSX,5351011,0.9940195505498954,"[{'size': 12, 'count': 9}]",N/A,N/A,"7"" ProDirectional 7/8 6.9 stg",ProDirectional,7/8 6.9 stg,7,34.59,0.25,N/A,N/A,6.9,N/A,6,16,high,Baker:D506TWSX->C50B6(frac),7/8,lo
58582692,SSS-Burkholder M Unit E 5H,Pursuit Oil & Gas,11.6,intermediate,3,10278,14943.6,4665.6,N/A,N/A,2024-12-01,12,False,True,8.75,pdc,"8.75"" Baker Hughes  DD506TS",Baker Hughes, DD506TS,5346789,2.236543988737265,"[{'size': 18, 'count': 9}]",N/A,N/A,"6.75"" ProDirectional 5/6 8.2 stg",ProDirectional,5/6 8.2 stg,6.75,32.07,0.426,N/A,N/A,8.2,N/A,6,16,high,Baker:DD506TS->C50B6(frac),5/6,mid
58582692,SSS-Burkholder M Unit E 5H,Pursuit Oil & Gas,11.6,intermediate,4,14943,15513,570,N/A,N/A,2024-12-03,12,False,True,8.75,pdc,"8.75"" Baker Hughes D506TS",Baker Hughes,D506TS,5332656,2.236543988737265,"[{'size': 18, 'count': 9}]",N/A,N/A,"6.75"" ProDirectional 5/6 8.2",ProDirectional,5/6 8.2,6.75,31.97,0.426,N/A,N/A,8.2,N/A,6,16,high,Baker:D506TS->C50B6(frac),5/6,mid
58582692,SSS-Burkholder M Unit E 5H,Pursuit Oil & Gas,11.6,intermediate,5,15513,20523.9,5010.9,N/A,N/A,2024-12-04,12,False,True,8.75,pdc,"8.75"" Baker Hughes D506TS",Baker Hughes,D506TS,5332656,2.236543988737265,"[{'size': 18, 'count': 9}]",N/A,N/A,"6.75"" ProDirectional 5/6 8.3 Stg",ProDirectional,5/6 8.3 Stg,6.75,33.2,0.38,N/A,N/A,8.3,N/A,6,16,high,Baker:D506TS->C50B6(frac),5/6,mid
58582692,SSS-Burkholder M Unit E 5H,Pursuit Oil & Gas,11.6,intermediate,6,20523.9,21440.6,916.7,N/A,N/A,2024-12-07,12,False,True,8.75,pdc,"8.75"" Baker Hughes DD506TS",Baker Hughes,DD506TS,5351400,2.236543988737265,"[{'size': 18, 'count': 9}]",N/A,N/A,"7"" ProDirectional 5/6 8.2",ProDirectional,5/6 8.2,7,31.9,0.43,N/A,N/A,8.2,N/A,6,16,high,Baker:DD506TS->C50B6(frac),5/6,mid
32278879,SSS-Burkholder M Unit D 4H,Pursuit Oil & Gas,11.6,intermediate,1,96.9,5117.3,5020.4,N/A,N/A,2024-11-25,8,False,False,12.25,pdc,"12.25"" NOV TKC66-AB5",NOV,TKC66-AB5,A305874,1.352971054915135,"[{'size': 14, 'count': 9}]",N/A,N/A,"9.625"" NOV 6/7 5 Stg",NOV,6/7 5 Stg,9.625,29.78,0.13,N/A,N/A,5,N/A,6,16,high,"NOV-TK:TKC66-AB5->B6,C6",6/7,lo
32278879,SSS-Burkholder M Unit D 4H,Pursuit Oil & Gas,11.6,intermediate,2,5117.3,10154.3,5037.0,N/A,N/A,2024-12-10,7,False,False,8.75,pdc,"8.75"" Baker Hughes 506TWSX",Baker Hughes,506TWSX,5351534,0.9940195505498954,"[{'size': 12, 'count': 9}]",N/A,N/A,"7"" KLX 5/6 8.4",KLX,5/6 8.4,7,36.62,0.35,N/A,N/A,8.4,N/A,6,16,high,Baker:506TWSX->C50B6(frac),5/6,mid
32278879,SSS-Burkholder M Unit D 4H,Pursuit Oil & Gas,11.6,intermediate,3,10154.3,21822,11667.7,N/A,N/A,2024-12-20,10,False,True,8.75,pdc,"8.75"" Baker Hughes P506S",Baker Hughes,P506S,5351324,2.236543988737265,"[{'size': 18, 'count': 9}]",N/A,N/A,"7"" KLX K-Series 5/6 9.5",KLX,K-Series 5/6 9.5,7,39.99,0.34,N/A,N/A,9.5,N/A,6,16,high,Baker:P506S->C50B6(frac),5/6,mid
19934773,La Muela-Santa Cruz E Unit,Pursuit Oil & Gas,11.7,intermediate,1,114,5160.3,5046.3,N/A,N/A,2022-10-22,10,False,False,12.25,pdc,"12.25"" Ulterra RPS616",Ulterra,RPS616,63406,1.647495366189179,"[{'size': 14, 'count': 6}, {'size': 18, 'count': 3}]",N/A,N/A,"8"" ProDirectional  DD800785.9",ProDirectional, DD800785.9,8,37.35,0.155,N/A,N/A,5.9,N/A,6,16,high,"Ulterra:RPS616->B6,16mm",?,lo
19934773,La Muela-Santa Cruz E Unit,Pursuit Oil & Gas,11.7,intermediate,3,10461,20989.5,10528.5,N/A,N/A,2022-10-24,11,False,True,8.75,pdc,"8.75"" Baker Hughes DD506TS",Baker Hughes,DD506TS,5331290,2.236543988737265,"[{'size': 18, 'count': 9}]",N/A,N/A,"7"" ProDirectional DD700568.2",ProDirectional,DD700568.2,7,31.5,0.426,N/A,N/A,8.2,N/A,6,16,high,Baker:DD506TS->C50B6(frac),?,mid
19934773,La Muela-Santa Cruz E Unit,Pursuit Oil & Gas,11.7,intermediate,2,5160,11917,6757,N/A,N/A,2022-10-24,9,False,False,8.75,pdc,"8.75"" Baker Hughes  D506TWSX",Baker Hughes, D506TWSX,5331914,1.16659238918703,"[{'size': 13, 'count': 9}]",N/A,N/A,"7"" ProDirectional 7/8 6.9 Stg",ProDirectional,7/8 6.9 Stg,7,32.4,0.25,N/A,N/A,6.9,N/A,6,16,high,Baker:D506TWSX->C50B6(frac),7/8,lo
19934773,La Muela-Santa Cruz E Unit,Pursuit Oil & Gas,11.7,intermediate,4,20989.5,22418.05,1428.5,N/A,N/A,2022-10-28,11,False,True,8.75,pdc,"8.75"" Baker Hughes DD506TS",Baker Hughes,DD506TS,5336586,2.236543988737265,"[{'size': 18, 'count': 9}]",N/A,N/A,"7"" ProDirectional 5/6 8.2 stg",ProDirectional,5/6 8.2 stg,7,31.77,0.426,N/A,N/A,8.2,N/A,6,16,high,Baker:DD506TS->C50B6(frac),5/6,mid
19934773,La Muela-Santa Cruz E Unit,Pursuit Oil & Gas,11.7,intermediate,4.1,22418.05,22418.05,0.0,N/A,N/A,2022-10-30,11,False,True,8.75,pdc,Placeholder BHA,N/A,N/A,N/A,2.236543988737265,"[{'size': 18, 'count': 9}]",N/A,N/A,Placeholder BHA,N/A,N/A,7,31.77,0.426,N/A,N/A,8.2,N/A,,,,skip,,
76839478,La Muela-Santa Cruz E Unit,Pursuit Oil & Gas,11.7,intermediate,1,111,5176.35,5065.4,N/A,N/A,2022-10-08,10,False,False,12.25,pdc,"12.25"" Ulterra RPS616",Ulterra,RPS616,63406,1.647495366189179,"[{'size': 14, 'count': 6}, {'size': 18, 'count': 3}]",N/A,N/A,"8"" ProDirectional 7/8 5.9",ProDirectional,7/8 5.9,8,38.05,0.155,N/A,N/A,5.9,N/A,6,16,high,"Ulterra:RPS616->B6,16mm",7/8,lo
76839478,La Muela-Santa Cruz E Unit,Pursuit Oil & Gas,11.7,intermediate,2,5177,10324.21,5147.2,N/A,N/A,2022-10-12,9,False,False,8.75,pdc,"8.75"" Baker Hughes DD506TS",Baker Hughes,DD506TS,5329624,2.236543988737265,"[{'size': 18, 'count': 9}]",N/A,N/A,"7"" ProDirectional 7/8 6.9",ProDirectional,7/8 6.9,7,34.48,0.25,N/A,N/A,6.9,N/A,6,16,high,Baker:DD506TS->C50B6(frac),7/8,lo
76839478,La Muela-Santa Cruz E Unit,Pursuit Oil & Gas,11.7,intermediate,3,9896,17210.99,7315.0,N/A,N/A,2022-10-13,11,False,True,8.75,pdc,"8.75"" Baker Hughes DD506TS",Baker Hughes,DD506TS,5329053,2.236543988737265,"[{'size': 18, 'count': 9}]",N/A,N/A,"6.688"" ProDirectional 5/6 8.2 stg",ProDirectional,5/6 8.2 stg,6.688,31.92,0.426,N/A,N/A,8.2,N/A,6,16,high,Baker:DD506TS->C50B6(frac),5/6,mid
76839478,La Muela-Santa Cruz E Unit,Pursuit Oil & Gas,11.7,intermediate,4,17214,22894.98,5681.0,N/A,N/A,2022-10-16,11,False,True,8.75,pdc,"8.75"" Baker Hughes DD506TS",Baker Hughes,DD506TS,5331909,2.236543988737265,"[{'size': 18, 'count': 9}]",N/A,N/A,"7"" ProDirectional 5/6 8.2",ProDirectional,5/6 8.2,7,31.44,0.426,N/A,N/A,8.2,N/A,6,16,high,Baker:DD506TS->C50B6(frac),5/6,mid
74880670,Springer-SSS O Unit 1H,Pursuit Oil & Gas,12.5,intermediate,1,80,4170.74,4090.7,N/A,N/A,2022-08-14,9,False,False,12.25,pdc,"12.25"" NOV TK66",NOV,TK66,A283505,1.672039058795349,"[{'size': 16, 'count': 5}, {'size': 15, 'count': 4}]",N/A,N/A,"8"" NOV 6/7 5.0",NOV,6/7 5.0,8,29.95,0.13,N/A,N/A,5,N/A,6,16,high,"NOV-TK:TK66->B6,C6",6/7,lo
74880670,Springer-SSS O Unit 1H,Pursuit Oil & Gas,12.5,intermediate,2,4170,5131.82,961.8,N/A,N/A,2022-08-16,9,False,False,12.25,pdc,"12.25"" NOV TK66",NOV,TK66,A280472,1.672039058795349,"[{'size': 16, 'count': 5}, {'size': 15, 'count': 4}]",N/A,N/A,"8"" NOV 6/7 5.0 stg",NOV,6/7 5.0 stg,8,29.95,0.13,N/A,N/A,5,N/A,6,16,high,"NOV-TK:TK66->B6,C6",6/7,lo
74880670,Springer-SSS O Unit 1H,Pursuit Oil & Gas,12.5,intermediate,3,5131,10329.99,5199.0,N/A,N/A,2022-08-28,10,False,False,8.75,pdc,"8.75"" Baker Hughes D506TWSX",Baker Hughes,D506TWSX,5328859,1.16659238918703,"[{'size': 13, 'count': 9}]",N/A,N/A,"7"" BHA 7/8 6.9",BHA,7/8 6.9,7,34.8,0.426,N/A,N/A,6.9,N/A,6,16,high,Baker:D506TWSX->C50B6(frac),7/8,mid
74880670,Springer-SSS O Unit 1H,Pursuit Oil & Gas,12.5,intermediate,4,10330,19864.96,9535.0,N/A,N/A,2022-08-29,11,False,True,8.75,pdc,"8.75"" Baker Hughes DD506TS",Baker Hughes,DD506TS,5327864,2.236543988737265,"[{'size': 18, 'count': 9}]",N/A,N/A,"7"" BHA 5/6 8.2",BHA,5/6 8.2,7,31.9,0.426,N/A,N/A,8.2,N/A,6,16,high,Baker:DD506TS->C50B6(frac),5/6,mid
13700906,Springer O 2H,Pursuit Oil & Gas,12.5,intermediate,1,108,4304.99,4197.0,N/A,N/A,2022-08-17,11,False,False,12.25,pdc,Placeholder BHA,N/A,N/A,N/A,1.086058397823034,"[{'size': 14, 'count': 2}, {'size': 16, 'count': 4}]",N/A,N/A,Placeholder BHA,N/A,N/A,9.625,30.12,0.13,N/A,N/A,5,N/A,,,,skip,,
13700906,Springer O 2H,Pursuit Oil & Gas,12.5,intermediate,2,4304.99,5150.03,845.0,N/A,N/A,2022-08-18,9,False,False,12.25,pdc,"12.25"" Ulterra U616",Ulterra,58964,U616,1.681242943522663,"[{'size': 12, 'count': 1}, {'size': 16, 'count': 8}]",N/A,N/A,"8"" 6/7 5.0 set@1.5FBH",NOV,6/7 5.0,8,29.8,0.13,N/A,N/A,5,N/A,5,?(8),check,"fallback-2dig:58964->B5,C8",6/7,lo
13700906,Springer O 2H,Pursuit Oil & Gas,12.5,intermediate,3,5150.03,10327.95,5177.9,N/A,N/A,2022-08-21,10,False,False,8.75,pdc,"8.75"" Baker Hughes D506TWSX",Baker Hughes,D506TWSX,5325659,1.16659238918703,"[{'size': 13, 'count': 9}]",N/A,N/A,"7"" ProDirectional 7/8 6.9",ProDirectional,7/8 6.9,7,34.65,0.426,N/A,N/A,6.9,N/A,6,16,high,Baker:D506TWSX->C50B6(frac),7/8,mid
13700906,Springer O 2H,Pursuit Oil & Gas,12.5,intermediate,4,10327,19242.98,8916.0,N/A,N/A,2022-08-22,11,False,True,8.75,pdc,"8.75"" Baker Hughes DD506TS",Baker Hughes,DD506TS,5329367,2.236543988737265,"[{'size': 18, 'count': 9}]",N/A,N/A,"7"" ProDirectional 5/6 8.2 stg",ProDirectional,5/6 8.2 stg,7,31.27,0.426,N/A,N/A,8.2,N/A,6,16,high,Baker:DD506TS->C50B6(frac),5/6,mid
32729228,Springer A 8H,Escondido Resources,12.9,intermediate,1,108.33,5098.03613,4989.7,N/A,N/A,2022-02-28,9,False,False,12.25,pdc,"12.25"" Ulterra U616S",Ulterra,U616S,58807,1.553155547734212,"[{'size': 15, 'count': 9}]",N/A,N/A,"8.75"" MS Directional 7/8 7.0",MS Directional,7/8 7.0,8.75,35.09,0.1,N/A,N/A,7,N/A,6,16,high,"Ulterra-U:U616S->B6,16mm",7/8,lo
32729228,Springer A 8H,Escondido Resources,12.9,intermediate,2,5098.04,9959,4861.0,N/A,N/A,2022-03-07,8,False,False,8.75,pdc,"8.75"" Ulterra SPL616",Ulterra,SPL616,55774,1.553155547734212,"[{'size': 15, 'count': 9}]",N/A,N/A,"6.938"" MS Directional 7/8 6.9",MS Directional,7/8 6.9,6.938,34.11,0.25,N/A,N/A,6.9,N/A,6,16,high,"Ulterra:SPL616->B6,16mm",7/8,lo
32729228,Springer A 8H,Escondido Resources,12.9,intermediate,3,9959,9959,0,N/A,N/A,2022-03-09,9,False,False,8.75,pdc,"8.75"" Schlumberger  Z613S",Schlumberger, Z613S,JV8442,2.236543988737265,"[{'size': 18, 'count': 9}]",N/A,N/A,"6.938"" MS Directional XL Performance 7/8 6.9",MS Directional,XL Performance 7/8 6.9,6.938,34.61,0.25,N/A,N/A,6.9,N/A,6,13,high,"SLB-Z:Z613S->B6,13mm",7/8,lo
32729228,Springer A 8H,Escondido Resources,12.9,intermediate,4,9959,16063.16992,6104.2,N/A,N/A,2022-03-10,9,False,False,8.75,pdc,"8.75"" Schlumberger  Z613S ",Schlumberger, Z613S ,JV8442,2.236543988737265,"[{'size': 18, 'count': 9}]",N/A,N/A,"6.938"" MS Directional XL Performance 7/8 6.9",MS Directional,XL Performance 7/8 6.9,6.938,34.61,0.25,N/A,N/A,6.9,N/A,6,13,high,"SLB-Z:Z613S->B6,13mm",7/8,lo
32729228,Springer A 8H,Escondido Resources,12.9,intermediate,5,16063.17,21305,5241.8,N/A,N/A,2022-03-14,9,False,False,8.75,pdc,"8.75"" Schlumberger Z613S",Schlumberger, Z613S,JV5491,2.291767297101148,"[{'size': 22, 'count': 3}, {'size': 16, 'count': 6}]",N/A,N/A,"6.938"" MS Directional XL Performance 7/8 6.9",MS Directional,XL Performance 7/8 6.9,6.938,34.64,0.25,N/A,N/A,6.9,N/A,6,13,high,"SLB-Z:Z613S->B6,13mm",7/8,lo
28494042,Springer Ranch #11H,Escondido Resources,12.9,intermediate,1,202,5074.00391,4872.0,N/A,N/A,2022-08-10,8,False,False,12.25,pdc,"12.25"" Ulterra U616S",Ulterra,U616S,60688,0.9940195505498954,"[{'size': 12, 'count': 9}]",N/A,N/A,"9.625"" MS Directional 7/8 7.0",MS Directional,7/8 7.0,9.625,35.01,0.18,N/A,N/A,7,N/A,6,16,high,"Ulterra-U:U616S->B6,16mm",7/8,lo
28494042,Springer Ranch #11H,Escondido Resources,12.9,intermediate,2,5074,11414.52734,6340.5,N/A,N/A,2022-08-12,8,False,False,8.75,pdc,8.75'' Schlumberger 1190975,Schlumberger,Z613S,1190975,2.307107104980004,"[{'size': 24, 'count': 3}, {'size': 16, 'count': 5}]",N/A,N/A,6.938'' MS Directional Performance,MS Directional,Performance,6.938,34.55,0.4,N/A,N/A,9.4,N/A,6,13,high,"SLB-Z:Z613S->B6,13mm",?,mid
28494042,Springer Ranch #11H,Escondido Resources,12.9,intermediate,3,11414,20825.10156,9411.1,N/A,N/A,2022-08-16,9,False,False,8.75,pdc,"8.75"" Schlumberger  Z613S",Schlumberger,Z613S,JV5491,2.291767297101148,"[{'size': 22, 'count': 3}, {'size': 16, 'count': 6}]",N/A,N/A,"6.938"" MS Directional Performance 7/8 6.9",MS Directional,Performance 7/8 6.9,6.938,34.59,0.25,N/A,N/A,6.9,N/A,6,13,high,"SLB-Z:Z613S->B6,13mm",7/8,lo
67815500,Springer Ranch #12H,Escondido Resources,12.9,intermediate,1,298,5090.09717,4792.1,N/A,N/A,2022-08-07,8,False,False,12.25,pdc,"12.25"" Ulterra U616S",Ulterra,U616S,62293,0.9940195505498954,"[{'size': 12, 'count': 9}]",N/A,N/A,"8.75"" MS Directional Hybrid 7/8 7.0",MS Directional,Hybrid 7/8 7.0,8.75,34.84,0.18,N/A,N/A,7,N/A,6,16,high,"Ulterra-U:U616S->B6,16mm",7/8,lo
67815500,Springer Ranch #12H,Escondido Resources,12.9,intermediate,2,5090.1,16044.18262,10954.1,N/A,N/A,2022-08-24,9,False,False,8.75,pdc,"8.75"" Schlumberger Z613S",Schlumberger,Z613S,JV6127,1.767145867644259,"[{'size': 16, 'count': 9}]",N/A,N/A,"6.938"" MS Directional 5/6 9.4",MS Directional,5/6 9.4,6.938,34.76,0.4,N/A,N/A,9.4,N/A,6,13,high,"SLB-Z:Z613S->B6,13mm",5/6,mid
67815500,Springer Ranch #12H,Escondido Resources,12.9,intermediate,3,16044,19509.40234,3465.4,N/A,N/A,2022-08-28,9,False,False,8.75,pdc,"8.75"" Schlumberger Z613s",Schlumberger,Z613s,JV4338,1.767145867644259,"[{'size': 16, 'count': 9}]",N/A,N/A,"6.938"" MS Directional 7/8 6.9",MS Directional,7/8 6.9,6.938,34.57,0.25,N/A,N/A,6.9,N/A,6,13,high,"SLB-Z:Z613s->B6,13mm",7/8,lo
67815500,Springer Ranch #12H,Escondido Resources,12.9,intermediate,4,19509,22204,2695,N/A,N/A,2022-08-31,9,False,False,8.75,pdc,"8.75"" Schlumberger Z613s",Schlumberger,Z613s,JV6211,1.81930121443237,"[{'size': 16, 'count': 8}, {'size': 18, 'count': 1}]",N/A,N/A,"6.938"" MS Directional XL Performance 7/8 6.9 stg",MS Directional,XL Performance 7/8 6.9 stg,6.938,34.49,0.25,N/A,N/A,6.9,N/A,6,13,high,"SLB-Z:Z613s->B6,13mm",7/8,lo
67815500,Springer Ranch #12H,Escondido Resources,12.9,intermediate,4.1,22204,22204,0,N/A,N/A,2022-09-06,9,False,False,8.75,pdc,Placeholder BHA,N/A,N/A,N/A,1.81930121443237,"[{'size': 16, 'count': 8}, {'size': 18, 'count': 1}]",N/A,N/A,Placeholder BHA,N/A,N/A,6.938,34.49,0.25,N/A,N/A,6.9,N/A,,,,skip,,
55687748,Lemmond D 8H,Escondido Resources,13.0,intermediate,1,101,4975,4874,N/A,N/A,2022-12-14,8,False,False,12.25,pdc,"12.25"" Ulterra U616S",Ulterra,U616S,62865,1.553155547734212,"[{'size': 15, 'count': 9}]",N/A,N/A,"8.875"" MS Directional XL Performance 7/8 7.0 stg",MS Directional,XL Performance 7/8 7.0 stg,8.875,35.04,0.18,N/A,N/A,7,N/A,6,16,high,"Ulterra-U:U616S->B6,16mm",7/8,lo
55687748,Lemmond D 8H,Escondido Resources,13.0,intermediate,2,4975,10140,5165,N/A,N/A,2022-12-17,9,False,False,8.75,pdc,"8.75"" Schlumberger Z613S",Schlumberger,Z613S,JV6274,1.553155547734212,"[{'size': 15, 'count': 9}]",N/A,N/A,"7"" MS Directional 5/6 9.4 Stg",MS Directional,5/6 9.4 Stg,7,34.32,0.4,N/A,N/A,9.4,N/A,6,13,high,"SLB-Z:Z613S->B6,13mm",5/6,mid
55687748,Lemmond D 8H,Escondido Resources,13.0,intermediate,3,10140,21795.06055,11655.1,N/A,N/A,2022-12-19,9,False,False,8.75,pdc,"8.75"" Schlumberger SDI611",Schlumberger,SDI611,SN1283,2.03405852473636,"[{'size': 20, 'count': 3}, {'size': 22, 'count': 3}]",N/A,N/A,"7.25"" MS Directional 6/7 12.0",MS Directional,6/7 12.0,7.25,36.91,0.35,N/A,N/A,12,N/A,6,11,high,"SLB-SDI:SDI611->B6,11mm",6/7,mid
61578192,Lemmond C 7H,Escondido Resources,13.0,intermediate,1,72,4981.3042,4909.3,N/A,N/A,2022-12-12,8,False,False,12.25,pdc,"12.25"" Schlumberger SDSi616",Schlumberger,SDSi616,JV9249,0.9940195505498954,"[{'size': 12, 'count': 9}]",N/A,N/A,"8.875"" MS Directional 7/8 7.0",MS Directional,7/8 7.0,8.875,34.74,0.18,N/A,N/A,7,N/A,6,16,check,"fallback-3dig:SDSi616->B6,16mm",7/8,lo
61578192,Lemmond C 7H,Escondido Resources,13.0,intermediate,1.1,4981,4981.3042,0.3,N/A,N/A,2022-12-14,8,False,False,12.25,pdc,Placeholder BHA,N/A,N/A,N/A,0.9940195505498954,"[{'size': 12, 'count': 9}]",N/A,N/A,Placeholder BHA,N/A,N/A,8.875,34.74,0.18,N/A,N/A,7,N/A,,,,skip,,
61578192,Lemmond C 7H,Escondido Resources,13.0,intermediate,1.2,4981,4981.3042,0.3,N/A,N/A,2022-12-14,8,False,False,12.25,pdc,Placeholder BHA,N/A,N/A,N/A,0.9940195505498954,"[{'size': 12, 'count': 9}]",N/A,N/A,Placeholder BHA,N/A,N/A,8.875,34.74,0.18,N/A,N/A,7,N/A,,,,skip,,
61578192,Lemmond C 7H,Escondido Resources,13.0,intermediate,2,4981.3,10143,5161.7,N/A,N/A,2022-12-28,9,False,False,8.75,pdc,"8.75"" Schlumberger XS616",Schlumberger,XS616,SN1433,1.035437031822808,"[{'size': 15, 'count': 6}]",N/A,N/A,"6.938"" MS Directional XL Performance 5/6 9.4",MS Directional,XL Performance 5/6 9.4,6.938,34.82,0.4,N/A,N/A,9.4,N/A,6,16,check,"fallback-3dig:XS616->B6,16mm",5/6,mid
61578192,Lemmond C 7H,Escondido Resources,13.0,intermediate,3,10143,22060.16016,11917.2,N/A,N/A,2022-12-31,9,False,False,8.75,pdc,"8.75"" Schlumberger Z613S",Schlumberger,Z613S,SN2710,1.553155547734212,"[{'size': 15, 'count': 9}]",N/A,N/A,"7.25"" MS Directional 6/7 12.0",MS Directional,6/7 12.0,7.25,36.91,0.35,N/A,N/A,12,N/A,6,13,high,"SLB-Z:Z613S->B6,13mm",6/7,mid
11074595,Lemmond E 9H,Escondido Resources,13.0,intermediate,1,397,4997.31006,4600.3,N/A,N/A,2023-01-10,9,False,False,12.25,pdc,"12.25"" Ulterra U616S",Ulterra,U616S,60379,1.553155547734212,"[{'size': 15, 'count': 9}]",N/A,N/A,"9.625"" MS Directional LE 7/8 7.0",MS Directional,LE 7/8 7.0,9.625,34.75,0.18,N/A,N/A,7,N/A,6,16,high,"Ulterra-U:U616S->B6,16mm",7/8,lo
11074595,Lemmond E 9H,Escondido Resources,13.0,intermediate,2,4997,13515.07715,8518.1,N/A,N/A,2023-01-13,9,False,False,8.75,pdc,"8.75"" Smith Z613S",Schlumberger,Z613S,1448,1.553155547734212,"[{'size': 15, 'count': 9}]",N/A,N/A,"7"" MS Directional 5/6 9.4",MS Directional,5/6 9.4,7,34.74,0.4,N/A,N/A,9.4,N/A,6,13,high,"SLB-Z:Z613S->B6,13mm",5/6,mid
11074595,Lemmond E 9H,Escondido Resources,13.0,intermediate,3,13515.08,21847,8331.9,N/A,N/A,2023-01-17,9,False,False,8.75,pdc,"8.75"" Schlumberger Z613S",Schlumberger,Z613S,JV4302,1.923611908008594,"[{'size': 18, 'count': 3}, {'size': 16, 'count': 6}]",N/A,N/A,"7.25"" MS Directional Mpact LE",MS Directional,Mpact LE,7.25,36.9,0.35,N/A,N/A,12,N/A,6,13,high,"SLB-Z:Z613S->B6,13mm",?,mid
11074595,Lemmond E 9H,Escondido Resources,13.0,intermediate,4,21847,N/A,N/A,N/A,N/A,N/A,9,False,False,8.75,pdc,Placeholder BHA,N/A,N/A,N/A,1.923611908008594,"[{'size': 18, 'count': 3}, {'size': 16, 'count': 6}]",N/A,N/A,Placeholder BHA,N/A,N/A,7.25,36.9,0.35,N/A,N/A,12,N/A,,,,skip,,
53251823,Campos La Muela State Unit,Pursuit Oil & Gas,14.9,intermediate,1,590,5350.1,4760.1,N/A,N/A,2021-09-02,10,False,False,12.25,pdc,"12.25"" NOV TKC66",NOV,TKC66,A278054,1.67,"[{'size': 18, 'count': 3}, {'size': 20, 'count': 3}]",N/A,N/A,"9.625"" NOV 6/7 5.0 Stg.",NOV,6/7 5.0 Stg.,9.625,30.28,0.13,N/A,N/A,5,N/A,6,16,high,"NOV-TK:TKC66->B6,C6",6/7,lo
53251823,Campos La Muela State Unit,Pursuit Oil & Gas,14.9,intermediate,2,5350.1,10805.5,5455.4,N/A,N/A,2021-09-10,9,False,False,8.75,pdc,"8.75"" Ulterra SPL616",Ulterra,SPL616,57303,1.16659238918703,"[{'size': 13, 'count': 9}]",N/A,N/A,"6.75"" ProDirectional 7/8 6.9",ProDirectional,7/8 6.9,6.75,34.38,0.25,N/A,N/A,6.9,N/A,6,16,high,"Ulterra:SPL616->B6,16mm",7/8,lo
53251823,Campos La Muela State Unit,Pursuit Oil & Gas,14.9,intermediate,3,10805.5,19535.4,8729.9,N/A,N/A,2021-09-12,11,False,True,8.75,pdc,"8.75"" Baker Hughes DD406TS",Baker Hughes,DD406TS,5321074,2.2365439887372647,"[{'size': 18, 'count': 9}]",N/A,N/A,"7"" ProDirectional 5/6 8.2 Stg ",ProDirectional,5/6 8.2 Stg ,7,29.31,0.426,N/A,N/A,8.2,N/A,6,13,high,Baker:DD406TS->C40B6(frac),5/6,mid
