asset_id,well_name,operator,distance_miles,bha_number,start_depth,end_depth,run_length,set_date,num_components,bit_size,bit_type,bit_name,bit_manufacturer,bit_model,bit_serial,bit_tfa,bit_nozzles,bit_blade_count,bit_cutter_size,motor_name,motor_manufacturer,motor_model,motor_od,motor_length,motor_rpg,motor_max_diff,motor_bend,motor_stages,motor_lobes,parsed_blades,parsed_cutter_mm,parse_confidence,parse_method,motor_lobe_config,motor_rpg_band
37171721,Galvan Ranch A 339H,SM Energy,2.4,3,8968,19620.38,10652.4,2024-11-19,10,8.75,pdc,"8.75"" NOV TK63-G9",NOV,TK63-G9,A313639,1.553155547734212,"[{'size': 15, 'count': 9}]",N/A,N/A,"7.25"" NOV 6/7 7.8",NOV,6/7 7.8,7.25,33.75,0.32,N/A,N/A,7.8,N/A,6,13,high,"NOV-TK:TK63-G9->B6,C3",6/7,mid
37171721,Galvan Ranch A 339H,SM Energy,2.4,4,19620,20527.79,907.8,2024-11-25,10,8.75,pdc,"8.75"" NOV TK63-G9",NOV,TK63-G9,A313639,1.553155547734212,"[{'size': 15, 'count': 9}]",N/A,N/A,"7.25"" NOV 6/7 7.8 stg",NOV,6/7 7.8 stg,7.25,33.81,0.32,N/A,N/A,7.8,N/A,6,13,high,"NOV-TK:TK63-G9->B6,C3",6/7,mid
88700700,Galvan Ranch A 341H,SM Energy,2.4,3,8998.12,12980.01,3981.9,2024-12-27,10,8.75,pdc,"8.75"" NOV TK63-G9",NOV,TK63-G9,A313639,1.553155547734212,"[{'size': 15, 'count': 9}]",N/A,N/A,"7.25"" NOV 6/7 7.8 Stg",NOV,6/7 7.8 Stg,7.25,33.83,0.32,N/A,N/A,7.8,N/A,6,13,high,"NOV-TK:TK63-G9->B6,C3",6/7,mid
88700700,Galvan Ranch A 341H,SM Energy,2.4,4,12980.01,20450.08,7470.1,2024-12-28,12,8.75,pdc,"8.75"" NOV TK63-V2",NOV,TK63-V2,A313798,1.553155547734212,"[{'size': 15, 'count': 9}]",N/A,N/A,"7.25"" NOV 6/7 7.8",NOV,6/7 7.8,7.25,33.95,0.32,N/A,N/A,7.8,N/A,6,13,high,"NOV-TK:TK63-V2->B6,C3",6/7,mid
10830449,Galvan Ranch A #333H,SM Energy,2.4,3,8815.06,17277.32,8462.3,2026-01-04,10,8.75,pdc,"8.75"" Reed TK63-G9",Reed,TK63-G9,A318623,1.553155547734212,"[{'size': 15, 'count': 9}]",N/A,N/A,"7"" BHA Dixon 5/6 9.5 stg",BHA,Dixon 5/6 9.5 stg,7,34.26,0.34,N/A,N/A,9.5,N/A,6,13,high,"NOV-TK:TK63-G9->B6,C3",5/6,mid
10830449,Galvan Ranch A #333H,SM Energy,2.4,4,17277.32,22516.03,5238.7,2026-01-09,10,8.75,pdc,"8.75"" NOV TKC63-V2",NOV,TKC63-V2,A313798,1.553155547734212,"[{'size': 15, 'count': 9}]",N/A,N/A,"7"" Patriot 5/6 9.5",Patriot,5/6 9.5,7,35.31,0.34,N/A,N/A,9.5,N/A,6,13,high,"NOV-TK:TKC63-V2->B6,C3",5/6,mid
82512872,Galvan Ranch A119H (Rerun),SM Energy,2.4,3,8614.17,20884,12269.8,2026-01-17,10,8.75,pdc,Placeholder BHA,N/A,N/A,N/A,1.553155547734212,"[{'size': 15, 'count': 9}]",N/A,N/A,Placeholder BHA,N/A,N/A,7,32.21,0.335,N/A,N/A,8.6,N/A,,,,skip,,
41387083,Galvan Ranch A119H,SM Energy,2.4,3,8614.17,20884,12269.8,2026-01-17,10,8.75,pdc,"8.75"" NOV E1514-A1",NOV,TK63-G9,A321546,1.553155547734212,"[{'size': 15, 'count': 9}]",N/A,N/A,"7"" Altitude 5/6 8.6 Stg",Altitude,5/6 8.6 Stg,7,32.21,0.335,N/A,N/A,8.6,N/A,6,13,high,"NOV-TK:TK63-G9->B6,C3",5/6,mid
66548917,Spohn Ranch 35H,Escondido Resources,5.0,4,9672,19415,9743,2021-09-30,8,8.75,pdc,"8.75"" Schlumberger Z613S",Schlumberger,Z613S,JV5483,2.291767297101148,"[{'size': 16, 'count': 6}, {'size': 22, 'count': 3}]",N/A,N/A,"7"" MS Directional 7/8 6.9",MS Directional,7/8 6.9,7,34.81,0.25,N/A,N/A,6.9,N/A,6,13,high,"SLB-Z:Z613S->B6,13mm",7/8,lo
14243794,Spohn Ranch 43H,Escondido Resources,5.7,3,9766,17771.50391,8005.5,2022-05-09,9,8.75,pdc,"8.75"" Schlumberger Z613S",Schlumberger,Z613S,JV6127,2.132233295161041,"[{'size': 18, 'count': 7}, {'size': 16, 'count': 2}]",N/A,N/A,"7"" MS Directional 7/8 6.9",MS Directional,7/8 6.9,7,34.51,0.25,N/A,N/A,6.9,N/A,6,13,high,"SLB-Z:Z613S->B6,13mm",7/8,lo
50782646,Spohn Ranch 42H,Escondido Resources,5.7,4,10139,18078.11133,7939.1,2022-05-19,9,8.75,pdc,"8.75"" Schlumberger Z613S",Schlumberger,Z613S,JV5482,2.291767297101148,"[{'size': 16, 'count': 6}, {'size': 22, 'count': 3}]",N/A,N/A,"7"" MS Directional 7/8 6.9 stg",MS Directional,7/8 6.9 stg,7,34.73,0.25,N/A,N/A,6.9,N/A,6,13,high,"SLB-Z:Z613S->B6,13mm",7/8,lo
28038976,Spohn Ranch 41H,Escondido Resources,5.7,4,9580,22063.0625,12483.1,2022-05-30,9,8.75,pdc,"8.75"" Schlumberger Z613s",Schlumberger,Z613s,JV9223,2.236543988737265,"[{'size': 18, 'count': 9}]",N/A,N/A,"7"" MS Directional 7/8 6.9",MS Directional,7/8 6.9,7,34.63,0.25,N/A,N/A,6.9,N/A,6,13,high,"SLB-Z:Z613s->B6,13mm",7/8,lo
28038976,Spohn Ranch 41H,Escondido Resources,5.7,4.1,22063,22063.0625,0.1,2022-06-07,9,8.75,pdc,Placeholder BHA,N/A,N/A,N/A,2.236543988737265,"[{'size': 18, 'count': 9}]",N/A,N/A,Placeholder BHA,N/A,N/A,7,34.63,0.25,N/A,N/A,6.9,N/A,,,,skip,,
72458562,Spohn Ranch 40H,Escondido Resources,5.7,3,9955.29,21878.16016,11922.9,2022-06-14,9,8.75,pdc,"8.75"" Schlumberger Z613s",Schlumberger,Z613s,JV4406,2.291767297101148,"[{'size': 16, 'count': 6}, {'size': 22, 'count': 3}]",N/A,N/A,"6.875"" MS Directional 7/8 6.9",MS Directional,7/8 6.9,6.875,34.68,0.25,N/A,N/A,6.9,N/A,6,13,high,"SLB-Z:Z613s->B6,13mm",7/8,lo
11924169,Galvan Ranch B924H,SM Energy,9.6,6,8698,13792.58,5094.6,2024-06-16,11,8.75,pdc,"8.75"" Halliburton  HD64s",Halliburton, HD64s,1282739,1.767145867644259,"[{'size': 16, 'count': 9}]",N/A,N/A,"7"" KLX  K-Series 5/6 9.5",KLX, K-Series 5/6 9.5,7,38.7,0.344,N/A,N/A,9.5,N/A,6,13,high,"HAL:HD64s->B6,C4(frac)",5/6,mid
11924169,Galvan Ranch B924H,SM Energy,9.6,7,13793,17227.35,3434.3,2024-06-19,11,8.75,pdc,"8.75"" NOV TK63-G4",NOV,TK63-G4 ,A299662,1.352971054915135,"[{'size': 14, 'count': 9}]",N/A,N/A,"7"" KLX 5/6 8.4",KLX,5/6 8.4,7,35.72,0.35,N/A,N/A,8.4,N/A,6,13,high,"NOV-TK:TK63-G4->B6,C3",5/6,mid
12095535,Galvan Ranch B922H,SM Energy,9.6,3,7905.1,16941.04,9035.9,2024-06-26,11,8.75,pdc,"8.75"" NOV TKC63 G5",NOV,TKC63 G5,A306958,1.352971054915135,"[{'size': 14, 'count': 9}]",N/A,N/A,"7"" KLX 5/6 9.5 Stg",KLX,5/6 9.5 Stg,7,38.7,0.344,N/A,N/A,9.5,N/A,6,13,high,"NOV-TK:TKC63 G5->B6,C3",5/6,mid
89084185,La Muela Quick PSA 2H,Pursuit Oil & Gas,10.4,5,10800,22004,11204,2019-10-29,9,8.75,pdc,"8.75"" Baker Hughes DD406S",Baker Hughes,DD406S,5304220,1.0354370318228079,"[{'size': 15, 'count': 6}]",N/A,N/A,"7"" ProDirectional 5/6 8.2",ProDirectional,5/6 8.2,7,29.33,0.42,N/A,N/A,8.2,N/A,6,13,high,Baker:DD406S->C40B6(frac),5/6,mid
59701710,La Muela Quick PSA 3H,Pursuit Oil & Gas,10.4,4,18893,21810.1,2917.1,2019-11-10,9,8.75,pdc,"8.75"" Ulterra SPL616",Ulterra,SPL616,48413,2.9728547669223726,"[{'size': 18, 'count': 3}, {'size': 22, 'count': 6}]",N/A,N/A,"7"" ProDirectional Pro Power 5/6 9.4 stg",ProDirectional,Pro Power 5/6 9.4 stg,7,34.65,0.4,N/A,N/A,9.4,N/A,6,16,high,"Ulterra:SPL616->B6,16mm",5/6,mid
59701710,La Muela Quick PSA 3H,Pursuit Oil & Gas,10.4,3,10279,18893.7,8614.7,2019-11-07,9,8.75,pdc,"8.75"" Baker Hughes DD406S",Baker Hughes,DD406S,5305430,1.0354370318228079,"[{'size': 15, 'count': 6}]",N/A,N/A,"7"" ProDirectional Pro Power 5/6 9.4 stg",ProDirectional,Pro Power 5/6 9.4 stg,7,29.25,0.4,N/A,N/A,9.4,N/A,6,13,high,Baker:DD406S->C40B6(frac),5/6,mid
26355794,Quick Ranch B Pad 3H,Pursuit Oil & Gas,10.5,3,10424.28,22750,12325.7,2021-12-11,11,8.75,pdc,"8.75"" Baker Hughes DD506TS",Baker Hughes,DD506TS,5324295,2.2365439887372647,"[{'size': 18, 'count': 9}]",N/A,N/A,"7"" ProDirectional 5/6 8.2",ProDirectional,5/6 8.2,7,31.57,0.426,N/A,N/A,8.2,N/A,6,16,high,Baker:DD506TS->C50B6(frac),5/6,mid
49328895,Quick Ranch B Pad 1H,Pursuit Oil & Gas,10.5,3,10437,23535.81,13098.8,2022-01-13,11,8.75,pdc,"8.75"" Baker Hughes DD506TS",Baker Hughes,DD506TS,5326157,2.2365439887372647,"[{'size': 18, 'count': 9}]",N/A,N/A,"7"" ProDirectional 5/6 8.2",ProDirectional,5/6 8.2,7,31.57,0.426,N/A,N/A,8.2,N/A,6,16,high,Baker:DD506TS->C50B6(frac),5/6,mid
81210538,Quick Ranch B Pad 2H,Pursuit Oil & Gas,10.5,3,10235,22721,12486,2021-12-24,11,8.75,pdc,"8.75"" Baker Hughes DD506TS",Baker Hughes,DD506TS,5326157,2.2365439887372647,"[{'size': 18, 'count': 9}]",N/A,N/A,"7"" ProDirectional PPM 5/6 8.2 stg",ProDirectional,PPM 5/6 8.2 stg,7,31.57,0.426,N/A,N/A,8.2,N/A,6,16,high,Baker:DD506TS->C50B6(frac),5/6,mid
28415581,Cerrito Julius 62H,Escondido Resources,11.2,2,4852,16033.48047,11181.5,2022-11-07,9,8.75,pdc,"8.75"" Schlumberger Z613S",Schlumberger,Z613S,JV6274,1.767145867644259,"[{'size': 16, 'count': 9}]",N/A,N/A,"6.938"" BHA 5/6 9.4",BHA,5/6 9.4,6.938,34.74,0.4,N/A,N/A,9.4,N/A,6,13,high,"SLB-Z:Z613S->B6,13mm",5/6,mid
28415581,Cerrito Julius 62H,Escondido Resources,11.2,3,16033,19929.13477,3896.1,2022-11-13,7,8.75,pdc,"8.75"" Schlumberger Z613S",Schlumberger,Z613S,JV4338,2.291767297101148,"[{'size': 22, 'count': 3}, {'size': 16, 'count': 6}]",N/A,N/A,"7"" MS Directional XL Performance 7/8 6.9",MS Directional,XL Performance 7/8 6.9,7,34.75,0.25,N/A,N/A,6.9,N/A,6,13,high,"SLB-Z:Z613S->B6,13mm",7/8,lo
29535966,Santa Cruz-La Muela G Unit,Pursuit Oil & Gas,11.3,3,10235,19550,9315,2022-09-12,11,8.75,pdc,"8.75"" Baker Hughes D506TWSX",Baker Hughes,D506TWSX,5329053,2.236543988737265,"[{'size': 18, 'count': 9}]",N/A,N/A,"7"" ProDirectional 5/6 8.2 stg",ProDirectional,5/6 8.2 stg,7,31.3,0.426,N/A,N/A,8.2,N/A,6,16,high,Baker:D506TWSX->C50B6(frac),5/6,mid
29535966,Santa Cruz-La Muela G Unit,Pursuit Oil & Gas,11.3,3.1,19550,19550,0,2022-09-17,11,8.75,pdc,Placeholder BHA,N/A,N/A,N/A,2.236543988737265,"[{'size': 18, 'count': 9}]",N/A,N/A,Placeholder BHA,N/A,N/A,7,31.3,0.426,N/A,N/A,8.2,N/A,,,,skip,,
29535966,Santa Cruz-La Muela G Unit,Pursuit Oil & Gas,11.3,4,19550,21514.96,1965.0,2022-09-17,11,8.75,pdc,"8.75"" Baker Hughes D506TWSX",Baker Hughes,D506TWSX,N/A,2.236543988737265,"[{'size': 18, 'count': 9}]",N/A,N/A,"7"" BHA 5/6 8.2",BHA,5/6 8.2,7,31.54,0.426,N/A,N/A,8.2,N/A,6,16,high,Baker:D506TWSX->C50B6(frac),5/6,mid
30010489,Santa Cruz-La Muela G Unit,Pursuit Oil & Gas,11.3,3,10329,21289.53,10960.5,2022-09-29,11,8.75,pdc,"8.75"" Baker Hughes DD506TS",Baker Hughes,DD506TS,5331913,2.236543988737265,"[{'size': 18, 'count': 9}]",N/A,N/A,"7"" ProDirectional 5/6 8.2",ProDirectional,5/6 8.2,7,31.56,0.426,N/A,N/A,8.2,N/A,6,16,high,Baker:DD506TS->C50B6(frac),5/6,mid
52143617,Santa Cruz-SSS H Unit A 1H,Pursuit Oil & Gas,11.3,3,10464,22396.03,11932.0,2023-09-25,11,8.75,pdc,"8.75"" Baker Hughes DD506TS",Baker Hughes,DD506TS,5332238,2.236543988737265,"[{'size': 18, 'count': 9}]",N/A,N/A,"7"" ProDirectional 5/6 8.4 stg",ProDirectional,5/6 8.4 stg,7,34.69,0.35,N/A,N/A,8.4,N/A,6,16,high,Baker:DD506TS->C50B6(frac),5/6,mid
40920782,Santa Cruz-SSS H Unit B 2H,Pursuit Oil & Gas,11.3,4,10342,19344.03,9002.0,2023-09-16,11,8.75,pdc,"8.75"" Baker Hughes DD506TS",Baker Hughes,DD506TS,5341878,2.24,"[{'size': 18, 'count': 9}]",N/A,N/A,"6.75"" ProDirectional 5/6 8.2 stg",ProDirectional,5/6 8.2 stg,6.75,32.28,0.426,N/A,N/A,8.2,N/A,6,16,high,Baker:DD506TS->C50B6(frac),5/6,mid
40920782,Santa Cruz-SSS H Unit B 2H,Pursuit Oil & Gas,11.3,5,19344,20284.06,940.1,2023-09-20,11,8.75,pdc,"8.75"" Baker Hughes DD506TS",Baker Hughes,DD506TS,5341878,2.24,"[{'size': 18, 'count': 9}]",N/A,N/A,"6.75"" ProDirectional 5/6 8.2 stg",ProDirectional,5/6 8.2 stg,6.75,31.35,0.426,N/A,N/A,8.2,N/A,6,16,high,Baker:DD506TS->C50B6(frac),5/6,mid
15570477,Santa Cruz-SSS H Unit C 3H,Pursuit Oil & Gas,11.3,3,10564,20634.06,10070.1,2023-09-07,11,8.75,pdc,"8.75"" Baker Hughes DD506TS",Baker Hughes,DD506TS,5337441,2.236543988737265,"[{'size': 18, 'count': 9}]",N/A,N/A,"6.75"" ProDirectional 5/6 8.2 stg",ProDirectional,5/6 8.2 stg,6.75,31.58,0.426,N/A,N/A,8.2,N/A,6,16,high,Baker:DD506TS->C50B6(frac),5/6,mid
27257703,La Santa Cruz D 2H,Pursuit Oil & Gas,11.4,3,11000,20825.1,9825.1,2021-03-28,10,8.75,pdc,"8.75"" Brit Bit DD406S",Brit Bit,DD406S,5308086,2.227340104009951,"[{'size': 22, 'count': 6}]",N/A,N/A,"6.75"" ProDirectional 5/6 8.2 Stg",ProDirectional,5/6 8.2 Stg,6.75,29.3,0.25,N/A,N/A,8.2,N/A,6,13,high,Baker:DD406S->C40B6(frac),5/6,lo
61331738,Quick-La Santa Cruz PSA D,Pursuit Oil & Gas,11.4,3,10310,14909.3,4599.3,2021-04-05,10,8.75,pdc,"8.75"" Baker Hughes DD406S",Baker Hughes,DD406S,5310174,2.227340104009951,"[{'size': 22, 'count': 6}]",N/A,N/A,"6.75"" ProDirectional 5/6 8.2",ProDirectional,5/6 8.2,6.75,29.5,0.426,N/A,N/A,8.2,N/A,6,13,high,Baker:DD406S->C40B6(frac),5/6,mid
61331738,Quick-La Santa Cruz PSA D,Pursuit Oil & Gas,11.4,4,14909,20475.2,5566.2,2021-04-08,10,8.75,pdc,"8.75"" Ulterra SPL616",Ulterra,SPL616,49768,1.16659238918703,"[{'size': 13, 'count': 9}]",N/A,N/A,"6.75"" ProDirectional 5/6 8.2 stg",ProDirectional,5/6 8.2 stg,6.75,31.58,0.426,N/A,N/A,8.2,N/A,6,16,high,"Ulterra:SPL616->B6,16mm",5/6,mid
28344054,Burkholder-RJ Unit A 1H,Pursuit Oil & Gas,11.4,3,10222,20833,10611,2022-07-29,11,8.75,pdc,"8.75"" Baker Hughes DD506TS",Baker Hughes,DD506TS,5332456,2.236543988737265,"[{'size': 18, 'count': 9}]",N/A,N/A,"6.75"" ProDirectional 5/6 8.2 stg",ProDirectional,5/6 8.2 stg,6.75,31.49,0.426,N/A,N/A,8.2,N/A,6,16,high,Baker:DD506TS->C50B6(frac),5/6,mid
30078479,Burkholder-RJ Unit B 2H,Pursuit Oil & Gas,11.4,3,10235.99,21215.98,10980.0,2022-08-05,11,8.75,pdc,"8.75"" Baker Hughes DD506TS",Baker Hughes,DD506TS,5332660,2.236543988737265,"[{'size': 18, 'count': 9}]",N/A,N/A,"6.75"" BHA 5/6 8.2",BHA,5/6 8.2,6.75,31.69,0.426,N/A,N/A,8.2,N/A,6,16,high,Baker:DD506TS->C50B6(frac),5/6,mid
63309081,SSS-Burkholder Unit A 1H,Pursuit Oil & Gas,11.5,4,10319,19806.9,9487.9,2020-10-18,10,8.75,pdc,"8.75"" Baker Hughes DD406S",Baker Hughes,DD406S,5309003,2.227340104009951,"[{'size': 22, 'count': 6}]",N/A,N/A,"7"" ProDirectional 5/6 8.2",ProDirectional,5/6 8.2,7,29.4,0.426,N/A,N/A,8.2,N/A,6,13,high,Baker:DD406S->C40B6(frac),5/6,mid
38954147,SSS-Burkholder Unit B 2H,Pursuit Oil & Gas,11.5,3,10320,20606,10286,2020-10-25,10,8.75,pdc,"8.75"" Baker Hughes DD406S",Baker Hughes,DD406S,5306153,2.227340104009951,"[{'size': 22, 'count': 6}]",N/A,N/A,"6.75"" ProDirectional 5/6 8.5",ProDirectional,5/6 8.5,6.75,29.46,0.426,N/A,N/A,8.2,N/A,6,13,high,Baker:DD406S->C40B6(frac),5/6,mid
71837231,La Muela 1H (Original),Pursuit Oil & Gas,11.6,3,10030,19933.1,9903.1,2017-10-29,8,8.75,pdc,"8.75"" Baker Hughes TD406FS",Baker Hughes,TD406FS,5272388,1.8407769454627694,"[{'size': 20, 'count': 6}]",N/A,N/A,"7"" ProDirectional 5/6 8.2",ProDirectional,5/6 8.2,7,29.08,0.41,N/A,N/A,8.2,N/A,6,13,high,Baker:TD406FS->C40B6(frac),5/6,mid
39762212,La Muela 1H (Additional 2),Pursuit Oil & Gas,11.6,3,10030,19933.1,9903.1,2019-10-29,8,8.75,pdc,"8.75"" Baker Hughes TD406FS",Baker Hughes,TD406FS,5272388,1.8407769454627694,"[{'size': 20, 'count': 6}]",N/A,N/A,"7"" ProDirectional 5/6 8.2",ProDirectional,5/6 8.2,7,29.08,0.41,N/A,N/A,8.2,N/A,6,13,high,Baker:TD406FS->C40B6(frac),5/6,mid
21462195,SSS-Burkholder M Unit C 3H,Pursuit Oil & Gas,11.6,3,10154,21747.1,11593.1,2024-12-12,10,8.75,pdc,"8.75"" Baker Hughes D506TWSXX",Baker Hughes,D506TWSXX,5351534,0.9940195505498954,"[{'size': 12, 'count': 9}]",N/A,N/A,"7"" KLX K-Series 5/6 9.5",KLX,K-Series 5/6 9.5,7,38.74,0.34,N/A,N/A,9.5,N/A,6,16,high,Baker:D506TWSXX->C50B6(frac),5/6,mid
58582692,SSS-Burkholder M Unit E 5H,Pursuit Oil & Gas,11.6,3,10278,14943.6,4665.6,2024-12-01,12,8.75,pdc,"8.75"" Baker Hughes  DD506TS",Baker Hughes, DD506TS,5346789,2.236543988737265,"[{'size': 18, 'count': 9}]",N/A,N/A,"6.75"" ProDirectional 5/6 8.2 stg",ProDirectional,5/6 8.2 stg,6.75,32.07,0.426,N/A,N/A,8.2,N/A,6,16,high,Baker:DD506TS->C50B6(frac),5/6,mid
58582692,SSS-Burkholder M Unit E 5H,Pursuit Oil & Gas,11.6,4,14943,15513,570,2024-12-03,12,8.75,pdc,"8.75"" Baker Hughes D506TS",Baker Hughes,D506TS,5332656,2.236543988737265,"[{'size': 18, 'count': 9}]",N/A,N/A,"6.75"" ProDirectional 5/6 8.2",ProDirectional,5/6 8.2,6.75,31.97,0.426,N/A,N/A,8.2,N/A,6,16,high,Baker:D506TS->C50B6(frac),5/6,mid
58582692,SSS-Burkholder M Unit E 5H,Pursuit Oil & Gas,11.6,5,15513,20523.9,5010.9,2024-12-04,12,8.75,pdc,"8.75"" Baker Hughes D506TS",Baker Hughes,D506TS,5332656,2.236543988737265,"[{'size': 18, 'count': 9}]",N/A,N/A,"6.75"" ProDirectional 5/6 8.3 Stg",ProDirectional,5/6 8.3 Stg,6.75,33.2,0.38,N/A,N/A,8.3,N/A,6,16,high,Baker:D506TS->C50B6(frac),5/6,mid
58582692,SSS-Burkholder M Unit E 5H,Pursuit Oil & Gas,11.6,6,20523.9,21440.6,916.7,2024-12-07,12,8.75,pdc,"8.75"" Baker Hughes DD506TS",Baker Hughes,DD506TS,5351400,2.236543988737265,"[{'size': 18, 'count': 9}]",N/A,N/A,"7"" ProDirectional 5/6 8.2",ProDirectional,5/6 8.2,7,31.9,0.43,N/A,N/A,8.2,N/A,6,16,high,Baker:DD506TS->C50B6(frac),5/6,mid
32278879,SSS-Burkholder M Unit D 4H,Pursuit Oil & Gas,11.6,3,10154.3,21822,11667.7,2024-12-20,10,8.75,pdc,"8.75"" Baker Hughes P506S",Baker Hughes,P506S,5351324,2.236543988737265,"[{'size': 18, 'count': 9}]",N/A,N/A,"7"" KLX K-Series 5/6 9.5",KLX,K-Series 5/6 9.5,7,39.99,0.34,N/A,N/A,9.5,N/A,6,16,high,Baker:P506S->C50B6(frac),5/6,mid
19934773,La Muela-Santa Cruz E Unit,Pursuit Oil & Gas,11.7,3,10461,20989.5,10528.5,2022-10-24,11,8.75,pdc,"8.75"" Baker Hughes DD506TS",Baker Hughes,DD506TS,5331290,2.236543988737265,"[{'size': 18, 'count': 9}]",N/A,N/A,"7"" ProDirectional DD700568.2",ProDirectional,DD700568.2,7,31.5,0.426,N/A,N/A,8.2,N/A,6,16,high,Baker:DD506TS->C50B6(frac),?,mid
19934773,La Muela-Santa Cruz E Unit,Pursuit Oil & Gas,11.7,2,5160,11917,6757,2022-10-24,9,8.75,pdc,"8.75"" Baker Hughes  D506TWSX",Baker Hughes, D506TWSX,5331914,1.16659238918703,"[{'size': 13, 'count': 9}]",N/A,N/A,"7"" ProDirectional 7/8 6.9 Stg",ProDirectional,7/8 6.9 Stg,7,32.4,0.25,N/A,N/A,6.9,N/A,6,16,high,Baker:D506TWSX->C50B6(frac),7/8,lo
19934773,La Muela-Santa Cruz E Unit,Pursuit Oil & Gas,11.7,4,20989.5,22418.05,1428.5,2022-10-28,11,8.75,pdc,"8.75"" Baker Hughes DD506TS",Baker Hughes,DD506TS,5336586,2.236543988737265,"[{'size': 18, 'count': 9}]",N/A,N/A,"7"" ProDirectional 5/6 8.2 stg",ProDirectional,5/6 8.2 stg,7,31.77,0.426,N/A,N/A,8.2,N/A,6,16,high,Baker:DD506TS->C50B6(frac),5/6,mid
19934773,La Muela-Santa Cruz E Unit,Pursuit Oil & Gas,11.7,4.1,22418.05,22418.05,0.0,2022-10-30,11,8.75,pdc,Placeholder BHA,N/A,N/A,N/A,2.236543988737265,"[{'size': 18, 'count': 9}]",N/A,N/A,Placeholder BHA,N/A,N/A,7,31.77,0.426,N/A,N/A,8.2,N/A,,,,skip,,
76839478,La Muela-Santa Cruz E Unit,Pursuit Oil & Gas,11.7,3,9896,17210.99,7315.0,2022-10-13,11,8.75,pdc,"8.75"" Baker Hughes DD506TS",Baker Hughes,DD506TS,5329053,2.236543988737265,"[{'size': 18, 'count': 9}]",N/A,N/A,"6.688"" ProDirectional 5/6 8.2 stg",ProDirectional,5/6 8.2 stg,6.688,31.92,0.426,N/A,N/A,8.2,N/A,6,16,high,Baker:DD506TS->C50B6(frac),5/6,mid
76839478,La Muela-Santa Cruz E Unit,Pursuit Oil & Gas,11.7,4,17214,22894.98,5681.0,2022-10-16,11,8.75,pdc,"8.75"" Baker Hughes DD506TS",Baker Hughes,DD506TS,5331909,2.236543988737265,"[{'size': 18, 'count': 9}]",N/A,N/A,"7"" ProDirectional 5/6 8.2",ProDirectional,5/6 8.2,7,31.44,0.426,N/A,N/A,8.2,N/A,6,16,high,Baker:DD506TS->C50B6(frac),5/6,mid
74880670,Springer-SSS O Unit 1H,Pursuit Oil & Gas,12.5,4,10330,19864.96,9535.0,2022-08-29,11,8.75,pdc,"8.75"" Baker Hughes DD506TS",Baker Hughes,DD506TS,5327864,2.236543988737265,"[{'size': 18, 'count': 9}]",N/A,N/A,"7"" BHA 5/6 8.2",BHA,5/6 8.2,7,31.9,0.426,N/A,N/A,8.2,N/A,6,16,high,Baker:DD506TS->C50B6(frac),5/6,mid
13700906,Springer O 2H,Pursuit Oil & Gas,12.5,4,10327,19242.98,8916.0,2022-08-22,11,8.75,pdc,"8.75"" Baker Hughes DD506TS",Baker Hughes,DD506TS,5329367,2.236543988737265,"[{'size': 18, 'count': 9}]",N/A,N/A,"7"" ProDirectional 5/6 8.2 stg",ProDirectional,5/6 8.2 stg,7,31.27,0.426,N/A,N/A,8.2,N/A,6,16,high,Baker:DD506TS->C50B6(frac),5/6,mid
32729228,Springer A 8H,Escondido Resources,12.9,4,9959,16063.16992,6104.2,2022-03-10,9,8.75,pdc,"8.75"" Schlumberger  Z613S ",Schlumberger, Z613S ,JV8442,2.236543988737265,"[{'size': 18, 'count': 9}]",N/A,N/A,"6.938"" MS Directional XL Performance 7/8 6.9",MS Directional,XL Performance 7/8 6.9,6.938,34.61,0.25,N/A,N/A,6.9,N/A,6,13,high,"SLB-Z:Z613S->B6,13mm",7/8,lo
32729228,Springer A 8H,Escondido Resources,12.9,5,16063.17,21305,5241.8,2022-03-14,9,8.75,pdc,"8.75"" Schlumberger Z613S",Schlumberger, Z613S,JV5491,2.291767297101148,"[{'size': 22, 'count': 3}, {'size': 16, 'count': 6}]",N/A,N/A,"6.938"" MS Directional XL Performance 7/8 6.9",MS Directional,XL Performance 7/8 6.9,6.938,34.64,0.25,N/A,N/A,6.9,N/A,6,13,high,"SLB-Z:Z613S->B6,13mm",7/8,lo
28494042,Springer Ranch #11H,Escondido Resources,12.9,2,5074,11414.52734,6340.5,2022-08-12,8,8.75,pdc,8.75'' Schlumberger 1190975,Schlumberger,Z613S,1190975,2.307107104980004,"[{'size': 24, 'count': 3}, {'size': 16, 'count': 5}]",N/A,N/A,6.938'' MS Directional Performance,MS Directional,Performance,6.938,34.55,0.4,N/A,N/A,9.4,N/A,6,13,high,"SLB-Z:Z613S->B6,13mm",?,mid
28494042,Springer Ranch #11H,Escondido Resources,12.9,3,11414,20825.10156,9411.1,2022-08-16,9,8.75,pdc,"8.75"" Schlumberger  Z613S",Schlumberger,Z613S,JV5491,2.291767297101148,"[{'size': 22, 'count': 3}, {'size': 16, 'count': 6}]",N/A,N/A,"6.938"" MS Directional Performance 7/8 6.9",MS Directional,Performance 7/8 6.9,6.938,34.59,0.25,N/A,N/A,6.9,N/A,6,13,high,"SLB-Z:Z613S->B6,13mm",7/8,lo
67815500,Springer Ranch #12H,Escondido Resources,12.9,2,5090.1,16044.18262,10954.1,2022-08-24,9,8.75,pdc,"8.75"" Schlumberger Z613S",Schlumberger,Z613S,JV6127,1.767145867644259,"[{'size': 16, 'count': 9}]",N/A,N/A,"6.938"" MS Directional 5/6 9.4",MS Directional,5/6 9.4,6.938,34.76,0.4,N/A,N/A,9.4,N/A,6,13,high,"SLB-Z:Z613S->B6,13mm",5/6,mid
67815500,Springer Ranch #12H,Escondido Resources,12.9,3,16044,19509.40234,3465.4,2022-08-28,9,8.75,pdc,"8.75"" Schlumberger Z613s",Schlumberger,Z613s,JV4338,1.767145867644259,"[{'size': 16, 'count': 9}]",N/A,N/A,"6.938"" MS Directional 7/8 6.9",MS Directional,7/8 6.9,6.938,34.57,0.25,N/A,N/A,6.9,N/A,6,13,high,"SLB-Z:Z613s->B6,13mm",7/8,lo
67815500,Springer Ranch #12H,Escondido Resources,12.9,4,19509,22204,2695,2022-08-31,9,8.75,pdc,"8.75"" Schlumberger Z613s",Schlumberger,Z613s,JV6211,1.81930121443237,"[{'size': 16, 'count': 8}, {'size': 18, 'count': 1}]",N/A,N/A,"6.938"" MS Directional XL Performance 7/8 6.9 stg",MS Directional,XL Performance 7/8 6.9 stg,6.938,34.49,0.25,N/A,N/A,6.9,N/A,6,13,high,"SLB-Z:Z613s->B6,13mm",7/8,lo
67815500,Springer Ranch #12H,Escondido Resources,12.9,4.1,22204,22204,0,2022-09-06,9,8.75,pdc,Placeholder BHA,N/A,N/A,N/A,1.81930121443237,"[{'size': 16, 'count': 8}, {'size': 18, 'count': 1}]",N/A,N/A,Placeholder BHA,N/A,N/A,6.938,34.49,0.25,N/A,N/A,6.9,N/A,,,,skip,,
55687748,Lemmond D 8H,Escondido Resources,13.0,3,10140,21795.06055,11655.1,2022-12-19,9,8.75,pdc,"8.75"" Schlumberger SDI611",Schlumberger,SDI611,SN1283,2.03405852473636,"[{'size': 20, 'count': 3}, {'size': 22, 'count': 3}]",N/A,N/A,"7.25"" MS Directional 6/7 12.0",MS Directional,6/7 12.0,7.25,36.91,0.35,N/A,N/A,12,N/A,6,11,high,"SLB-SDI:SDI611->B6,11mm",6/7,mid
61578192,Lemmond C 7H,Escondido Resources,13.0,3,10143,22060.16016,11917.2,2022-12-31,9,8.75,pdc,"8.75"" Schlumberger Z613S",Schlumberger,Z613S,SN2710,1.553155547734212,"[{'size': 15, 'count': 9}]",N/A,N/A,"7.25"" MS Directional 6/7 12.0",MS Directional,6/7 12.0,7.25,36.91,0.35,N/A,N/A,12,N/A,6,13,high,"SLB-Z:Z613S->B6,13mm",6/7,mid
11074595,Lemmond E 9H,Escondido Resources,13.0,2,4997,13515.07715,8518.1,2023-01-13,9,8.75,pdc,"8.75"" Smith Z613S",Schlumberger,Z613S,1448,1.553155547734212,"[{'size': 15, 'count': 9}]",N/A,N/A,"7"" MS Directional 5/6 9.4",MS Directional,5/6 9.4,7,34.74,0.4,N/A,N/A,9.4,N/A,6,13,high,"SLB-Z:Z613S->B6,13mm",5/6,mid
11074595,Lemmond E 9H,Escondido Resources,13.0,3,13515.08,21847,8331.9,2023-01-17,9,8.75,pdc,"8.75"" Schlumberger Z613S",Schlumberger,Z613S,JV4302,1.923611908008594,"[{'size': 18, 'count': 3}, {'size': 16, 'count': 6}]",N/A,N/A,"7.25"" MS Directional Mpact LE",MS Directional,Mpact LE,7.25,36.9,0.35,N/A,N/A,12,N/A,6,13,high,"SLB-Z:Z613S->B6,13mm",?,mid
11074595,Lemmond E 9H,Escondido Resources,13.0,4,21847,N/A,N/A,N/A,9,8.75,pdc,Placeholder BHA,N/A,N/A,N/A,1.923611908008594,"[{'size': 18, 'count': 3}, {'size': 16, 'count': 6}]",N/A,N/A,Placeholder BHA,N/A,N/A,7.25,36.9,0.35,N/A,N/A,12,N/A,,,,skip,,
53251823,Campos La Muela State Unit,Pursuit Oil & Gas,14.9,3,10805.5,19535.4,8729.9,2021-09-12,11,8.75,pdc,"8.75"" Baker Hughes DD406TS",Baker Hughes,DD406TS,5321074,2.2365439887372647,"[{'size': 18, 'count': 9}]",N/A,N/A,"7"" ProDirectional 5/6 8.2 Stg ",ProDirectional,5/6 8.2 Stg ,7,29.31,0.426,N/A,N/A,8.2,N/A,6,13,high,Baker:DD406TS->C40B6(frac),5/6,mid
