equiv_bha_key,num_runs,curve_type,bin_start_ft,bin_axis,p10,p50,p90,contributing_runs,confident
6B-13mm | 6/7-mid,4,rotary,0,distance_from_run_start,90.0,150.0,210.9,3,True
6B-13mm | 6/7-mid,4,rotary,100,distance_from_run_start,96.5,136.5,229.1,2,False
6B-13mm | 6/7-mid,4,rotary,200,distance_from_run_start,102.9,138.5,247.2,4,True
6B-13mm | 6/7-mid,4,rotary,300,distance_from_run_start,102.9,138.5,247.2,4,True
6B-13mm | 6/7-mid,4,rotary,400,distance_from_run_start,131.6,138.5,251.6,4,True
6B-13mm | 6/7-mid,4,rotary,500,distance_from_run_start,137.0,156.5,276.1,4,True
6B-13mm | 6/7-mid,4,rotary,600,distance_from_run_start,159.0,175.7,286.0,4,True
6B-13mm | 6/7-mid,4,rotary,700,distance_from_run_start,161.0,184.8,286.0,4,True
6B-13mm | 6/7-mid,4,rotary,800,distance_from_run_start,174.0,184.8,286.0,4,True
6B-13mm | 6/7-mid,4,rotary,900,distance_from_run_start,174.0,200.7,286.0,4,True
6B-13mm | 6/7-mid,4,rotary,1000,distance_from_run_start,159.0,212.8,286.0,4,True
6B-13mm | 6/7-mid,4,rotary,1100,distance_from_run_start,161.1,241.1,293.1,4,True
6B-13mm | 6/7-mid,4,rotary,1200,distance_from_run_start,161.1,257.1,296.7,4,True
6B-13mm | 6/7-mid,4,rotary,1300,distance_from_run_start,161.1,267.0,296.7,4,True
6B-13mm | 6/7-mid,4,rotary,1400,distance_from_run_start,251.1,276.9,296.7,4,True
6B-13mm | 6/7-mid,4,rotary,1500,distance_from_run_start,251.1,278.6,300.0,4,True
6B-13mm | 6/7-mid,4,rotary,1600,distance_from_run_start,251.1,288.4,319.1,4,True
6B-13mm | 6/7-mid,4,rotary,1700,distance_from_run_start,247.5,288.4,319.1,4,True
6B-13mm | 6/7-mid,4,rotary,1800,distance_from_run_start,247.5,288.4,342.0,4,True
6B-13mm | 6/7-mid,4,rotary,1900,distance_from_run_start,247.5,313.6,350.2,4,True
6B-13mm | 6/7-mid,4,rotary,2000,distance_from_run_start,258.0,313.6,360.0,4,True
6B-13mm | 6/7-mid,4,rotary,2100,distance_from_run_start,292.0,327.3,370.0,4,True
6B-13mm | 6/7-mid,4,rotary,2200,distance_from_run_start,300.0,327.3,378.2,4,True
6B-13mm | 6/7-mid,4,rotary,2300,distance_from_run_start,304.1,327.3,378.2,4,True
6B-13mm | 6/7-mid,4,rotary,2400,distance_from_run_start,300.0,320.5,378.2,4,True
6B-13mm | 6/7-mid,4,rotary,2500,distance_from_run_start,300.0,320.5,378.2,4,True
6B-13mm | 6/7-mid,4,rotary,2600,distance_from_run_start,276.9,300.0,378.2,4,True
6B-13mm | 6/7-mid,4,rotary,2700,distance_from_run_start,270.0,300.0,363.1,4,True
6B-13mm | 6/7-mid,4,rotary,2800,distance_from_run_start,258.0,300.0,327.3,4,True
6B-13mm | 6/7-mid,4,rotary,2900,distance_from_run_start,270.0,300.0,319.1,4,True
6B-13mm | 6/7-mid,4,rotary,3000,distance_from_run_start,270.0,300.0,319.1,4,True
6B-13mm | 6/7-mid,4,rotary,3100,distance_from_run_start,270.0,300.0,327.3,4,True
6B-13mm | 6/7-mid,4,rotary,3200,distance_from_run_start,276.9,300.0,342.0,4,True
6B-13mm | 6/7-mid,4,rotary,3300,distance_from_run_start,283.8,300.0,342.0,4,True
6B-13mm | 6/7-mid,4,rotary,3400,distance_from_run_start,283.8,300.0,342.0,4,True
6B-13mm | 6/7-mid,4,rotary,3500,distance_from_run_start,276.9,300.0,319.1,4,True
6B-13mm | 6/7-mid,4,rotary,3600,distance_from_run_start,270.0,276.9,312.2,4,True
6B-13mm | 6/7-mid,4,rotary,3700,distance_from_run_start,263.0,276.9,300.0,4,True
6B-13mm | 6/7-mid,4,rotary,3800,distance_from_run_start,263.0,276.9,300.0,4,True
6B-13mm | 6/7-mid,4,rotary,3900,distance_from_run_start,263.0,288.4,312.2,4,True
6B-13mm | 6/7-mid,4,rotary,4000,distance_from_run_start,265.7,300.0,327.3,3,True
6B-13mm | 6/7-mid,4,rotary,4100,distance_from_run_start,265.7,300.0,339.4,3,True
6B-13mm | 6/7-mid,4,rotary,4200,distance_from_run_start,265.7,300.0,339.4,3,True
6B-13mm | 6/7-mid,4,rotary,4300,distance_from_run_start,257.1,276.9,339.4,3,True
6B-13mm | 6/7-mid,4,rotary,4400,distance_from_run_start,257.1,257.1,282.1,3,True
6B-13mm | 6/7-mid,4,rotary,4500,distance_from_run_start,247.4,257.1,276.9,3,True
6B-13mm | 6/7-mid,4,rotary,4600,distance_from_run_start,234.0,248.6,271.2,3,True
6B-13mm | 6/7-mid,4,rotary,4700,distance_from_run_start,229.7,248.6,271.2,3,True
6B-13mm | 6/7-mid,4,rotary,4800,distance_from_run_start,229.7,248.6,271.2,3,True
6B-13mm | 6/7-mid,4,rotary,4900,distance_from_run_start,229.7,248.6,271.2,3,True
6B-13mm | 6/7-mid,4,rotary,5000,distance_from_run_start,229.7,248.6,269.5,3,True
6B-13mm | 6/7-mid,4,rotary,5100,distance_from_run_start,231.4,257.1,271.2,3,True
6B-13mm | 6/7-mid,4,rotary,5200,distance_from_run_start,231.4,257.1,257.1,3,True
6B-13mm | 6/7-mid,4,rotary,5300,distance_from_run_start,228.0,240.0,253.7,3,True
6B-13mm | 6/7-mid,4,rotary,5400,distance_from_run_start,228.0,240.0,240.0,3,True
6B-13mm | 6/7-mid,4,rotary,5500,distance_from_run_start,228.0,240.0,240.0,3,True
6B-13mm | 6/7-mid,4,rotary,5600,distance_from_run_start,217.4,240.0,240.0,3,True
6B-13mm | 6/7-mid,4,rotary,5700,distance_from_run_start,217.4,240.0,240.0,3,True
6B-13mm | 6/7-mid,4,rotary,5800,distance_from_run_start,228.0,240.0,253.7,3,True
6B-13mm | 6/7-mid,4,rotary,5900,distance_from_run_start,186.4,240.0,253.7,3,True
6B-13mm | 6/7-mid,4,rotary,6000,distance_from_run_start,186.4,225.0,241.2,3,True
6B-13mm | 6/7-mid,4,rotary,6100,distance_from_run_start,211.8,240.0,272.9,3,True
6B-13mm | 6/7-mid,4,rotary,6200,distance_from_run_start,211.8,225.0,241.2,3,True
6B-13mm | 6/7-mid,4,rotary,6300,distance_from_run_start,207.1,211.8,241.2,3,True
6B-13mm | 6/7-mid,4,rotary,6400,distance_from_run_start,207.1,211.8,261.5,3,True
6B-13mm | 6/7-mid,4,rotary,6500,distance_from_run_start,184.0,200.0,261.5,3,True
6B-13mm | 6/7-mid,4,rotary,6600,distance_from_run_start,184.0,200.0,257.1,3,True
6B-13mm | 6/7-mid,4,rotary,6700,distance_from_run_start,184.0,200.0,257.1,3,True
6B-13mm | 6/7-mid,4,rotary,6800,distance_from_run_start,199.6,240.0,253.7,3,True
6B-13mm | 6/7-mid,4,rotary,6900,distance_from_run_start,199.6,240.0,242.6,3,True
6B-13mm | 6/7-mid,4,rotary,7000,distance_from_run_start,199.6,240.0,240.0,3,True
6B-13mm | 6/7-mid,4,rotary,7100,distance_from_run_start,199.6,240.0,240.0,3,True
6B-13mm | 6/7-mid,4,rotary,7200,distance_from_run_start,199.6,240.0,253.7,3,True
6B-13mm | 6/7-mid,4,rotary,7300,distance_from_run_start,202.4,240.0,253.7,3,True
6B-13mm | 6/7-mid,4,rotary,7400,distance_from_run_start,218.3,240.0,253.9,3,True
6B-13mm | 6/7-mid,4,rotary,7500,distance_from_run_start,218.3,240.0,253.9,2,False
6B-13mm | 6/7-mid,4,rotary,7600,distance_from_run_start,218.3,241.1,253.9,2,False
6B-13mm | 6/7-mid,4,rotary,7700,distance_from_run_start,225.0,241.1,253.9,2,False
6B-13mm | 6/7-mid,4,rotary,7800,distance_from_run_start,218.3,234.5,252.6,2,False
6B-13mm | 6/7-mid,4,rotary,7900,distance_from_run_start,216.3,228.6,251.4,2,False
6B-13mm | 6/7-mid,4,rotary,8000,distance_from_run_start,225.0,225.9,237.2,2,False
6B-13mm | 6/7-mid,4,rotary,8100,distance_from_run_start,216.3,225.0,225.0,2,False
6B-13mm | 6/7-mid,4,rotary,8200,distance_from_run_start,214.6,225.0,225.0,2,False
6B-13mm | 6/7-mid,4,rotary,8300,distance_from_run_start,201.2,207.2,221.4,2,False
6B-13mm | 6/7-mid,4,rotary,8400,distance_from_run_start,193.1,205.9,210.6,2,False
6B-13mm | 6/7-mid,4,rotary,8500,distance_from_run_start,190.6,194.8,198.9,2,False
6B-13mm | 6/7-mid,4,rotary,8600,distance_from_run_start,190.6,194.8,198.9,2,False
6B-13mm | 6/7-mid,4,rotary,8700,distance_from_run_start,190.6,194.8,198.9,2,False
6B-13mm | 6/7-mid,4,rotary,8800,distance_from_run_start,190.6,194.8,198.9,2,False
6B-13mm | 6/7-mid,4,rotary,8900,distance_from_run_start,190.6,195.9,208.6,2,False
6B-13mm | 6/7-mid,4,rotary,9000,distance_from_run_start,183.2,195.9,208.6,2,False
6B-13mm | 6/7-mid,4,rotary,9100,distance_from_run_start,174.3,185.7,206.3,2,False
6B-13mm | 6/7-mid,4,rotary,9200,distance_from_run_start,162.0,184.2,197.1,2,False
6B-13mm | 6/7-mid,4,rotary,9300,distance_from_run_start,162.0,184.2,206.3,2,False
6B-13mm | 6/7-mid,4,rotary,9400,distance_from_run_start,160.8,178.2,195.7,2,False
6B-13mm | 6/7-mid,4,rotary,9500,distance_from_run_start,160.8,178.2,195.7,2,False
6B-13mm | 6/7-mid,4,rotary,9600,distance_from_run_start,175.4,191.6,207.8,2,False
6B-13mm | 6/7-mid,4,rotary,9700,distance_from_run_start,175.4,191.6,208.6,2,False
6B-13mm | 6/7-mid,4,rotary,9800,distance_from_run_start,175.4,191.6,210.6,2,False
6B-13mm | 6/7-mid,4,rotary,9900,distance_from_run_start,200.0,200.0,210.6,2,False
6B-13mm | 6/7-mid,4,rotary,10000,distance_from_run_start,190.6,194.8,207.8,2,False
6B-13mm | 6/7-mid,4,rotary,10100,distance_from_run_start,200.0,200.0,210.6,2,False
6B-13mm | 6/7-mid,4,rotary,10200,distance_from_run_start,200.0,200.0,200.0,2,False
6B-13mm | 6/7-mid,4,rotary,10300,distance_from_run_start,190.6,194.8,198.9,2,False
6B-13mm | 6/7-mid,4,rotary,10400,distance_from_run_start,180.0,180.0,193.3,2,False
6B-13mm | 6/7-mid,4,rotary,10500,distance_from_run_start,171.4,171.4,180.0,2,False
6B-13mm | 6/7-mid,4,rotary,10600,distance_from_run_start,171.4,171.4,180.0,2,False
6B-13mm | 6/7-mid,4,rotary,10700,distance_from_run_start,180.0,180.0,193.3,1,False
6B-13mm | 6/7-mid,4,rotary,10800,distance_from_run_start,189.5,189.5,189.5,1,False
6B-13mm | 6/7-mid,4,rotary,10900,distance_from_run_start,189.5,189.5,189.5,1,False
6B-13mm | 6/7-mid,4,rotary,11000,distance_from_run_start,189.5,189.5,189.5,1,False
6B-13mm | 6/7-mid,4,rotary,11100,distance_from_run_start,189.5,189.5,189.5,1,False
6B-13mm | 6/7-mid,4,rotary,11200,distance_from_run_start,189.5,189.5,189.5,1,False
6B-13mm | 6/7-mid,4,rotary,11300,distance_from_run_start,189.5,189.5,189.5,1,False
6B-13mm | 6/7-mid,4,rotary,11400,distance_from_run_start,200.0,200.0,200.0,1,False
6B-13mm | 6/7-mid,4,rotary,11500,distance_from_run_start,200.0,200.0,200.0,1,False
6B-13mm | 6/7-mid,4,rotary,11600,distance_from_run_start,200.0,200.0,200.0,1,False
6B-13mm | 6/7-mid,4,rotary,11700,distance_from_run_start,200.0,200.0,200.0,1,False
6B-13mm | 6/7-mid,4,rotary,11800,distance_from_run_start,200.0,200.0,200.0,1,False
6B-13mm | 6/7-mid,4,rotary,11900,distance_from_run_start,200.0,200.0,200.0,1,False
6B-13mm | 6/7-mid,4,slide,0,distance_from_lateral_start,78.4,85.7,106.2,3,True
6B-13mm | 6/7-mid,4,slide,250,distance_from_lateral_start,75.5,81.2,106.7,3,True
6B-13mm | 6/7-mid,4,slide,500,distance_from_lateral_start,77.1,85.7,106.2,3,True
6B-13mm | 6/7-mid,4,slide,750,distance_from_lateral_start,77.1,85.7,106.2,3,True
6B-13mm | 6/7-mid,4,slide,1000,distance_from_lateral_start,67.7,76.6,107.1,3,True
6B-13mm | 6/7-mid,4,slide,1250,distance_from_lateral_start,67.4,75.0,101.9,3,True
6B-13mm | 6/7-mid,4,slide,1500,distance_from_lateral_start,67.2,75.0,94.0,3,True
6B-13mm | 6/7-mid,4,slide,1750,distance_from_lateral_start,67.1,75.0,94.0,2,False
6B-13mm | 6/7-mid,4,slide,2000,distance_from_lateral_start,66.2,75.0,98.8,2,False
6B-13mm | 6/7-mid,4,slide,2250,distance_from_lateral_start,67.1,80.5,98.8,2,False
6B-13mm | 6/7-mid,4,slide,2500,distance_from_lateral_start,66.2,80.5,98.8,3,True
6B-13mm | 6/7-mid,4,slide,2750,distance_from_lateral_start,60.6,75.0,98.8,2,False
6B-13mm | 6/7-mid,4,slide,3000,distance_from_lateral_start,60.6,75.0,208.0,3,True
6B-13mm | 6/7-mid,4,slide,3250,distance_from_lateral_start,60.6,72.7,208.0,2,False
6B-13mm | 6/7-mid,4,slide,3500,distance_from_lateral_start,60.6,72.7,179.7,2,False
6B-13mm | 6/7-mid,4,slide,3750,distance_from_lateral_start,60.6,72.7,179.7,3,True
6B-13mm | 6/7-mid,4,slide,4000,distance_from_lateral_start,55.2,67.0,179.7,2,False
6B-13mm | 6/7-mid,4,slide,4250,distance_from_lateral_start,32.5,57.1,78.8,3,True
6B-13mm | 6/7-mid,4,slide,4500,distance_from_lateral_start,32.5,57.1,67.9,2,False
6B-13mm | 6/7-mid,4,slide,4750,distance_from_lateral_start,25.1,41.2,60.6,2,False
6B-13mm | 6/7-mid,4,slide,5000,distance_from_lateral_start,21.7,35.3,45.5,2,False
6B-13mm | 6/7-mid,4,slide,5250,distance_from_lateral_start,21.7,35.3,45.5,1,False
6B-13mm | 6/7-mid,4,slide,5500,distance_from_lateral_start,21.7,30.8,46.2,2,False
6B-13mm | 6/7-mid,4,slide,6000,distance_from_lateral_start,28.0,30.8,46.2,2,False
6B-13mm | 6/7-mid,4,slide,6250,distance_from_lateral_start,35.3,35.3,46.2,3,True
6B-13mm | 6/7-mid,4,slide,6500,distance_from_lateral_start,35.3,42.4,49.0,1,False
6B-13mm | 6/7-mid,4,slide,6750,distance_from_lateral_start,35.3,50.0,240.7,1,False
6B-13mm | 6/7-mid,4,slide,7000,distance_from_lateral_start,37.0,57.6,240.7,3,True
6B-13mm | 6/7-mid,4,slide,7250,distance_from_lateral_start,35.3,50.0,200.0,3,True
6B-13mm | 6/7-mid,4,slide,7500,distance_from_lateral_start,30.6,50.0,200.0,1,False
6B-13mm | 6/7-mid,4,slide,7750,distance_from_lateral_start,30.6,42.4,63.8,3,True
6B-13mm | 6/7-mid,4,slide,8000,distance_from_lateral_start,28.6,32.1,48.7,3,True
6B-13mm | 6/7-mid,4,slide,8250,distance_from_lateral_start,21.6,31.1,44.1,2,False
6B-13mm | 6/7-mid,4,slide,8500,distance_from_lateral_start,21.6,32.1,42.4,1,False
6B-13mm | 6/7-mid,4,slide,8750,distance_from_lateral_start,21.0,21.6,21.6,1,False
6B-13mm | 6/7-mid,4,slide,9000,distance_from_lateral_start,20.3,21.6,21.6,1,False
6B-13mm | 6/7-mid,4,slide,9250,distance_from_lateral_start,20.3,23.3,26.3,1,False
6B-13mm | 6/7-mid,4,slide,9500,distance_from_lateral_start,20.3,28.7,37.4,2,False
6B-13mm | 6/7-mid,4,slide,9750,distance_from_lateral_start,20.3,28.7,37.4,3,True
6B-13mm | 6/7-mid,4,slide,10000,distance_from_lateral_start,20.4,28.7,37.4,2,False
6B-13mm | 6/7-mid,4,slide,10250,distance_from_lateral_start,20.4,28.7,37.4,2,False
6B-13mm | 6/7-mid,4,slide,10500,distance_from_lateral_start,37.7,40.5,40.5,2,False
6B-13mm | 6/7-mid,4,slide,10750,distance_from_lateral_start,38.9,40.5,40.5,1,False
6B-13mm | 6/7-mid,4,slide,11000,distance_from_lateral_start,30.4,33.7,37.0,1,False
6B-13mm | 6/7-mid,4,slide,11250,distance_from_lateral_start,40.5,40.5,40.5,1,False
6B-13mm | 5/6-mid,17,rotary,0,distance_from_run_start,89.7,156.5,360.0,15,True
6B-13mm | 5/6-mid,17,rotary,100,distance_from_run_start,88.7,184.2,380.0,15,True
6B-13mm | 5/6-mid,17,rotary,200,distance_from_run_start,89.7,156.5,400.0,12,True
6B-13mm | 5/6-mid,17,rotary,300,distance_from_run_start,107.2,168.2,430.0,15,True
6B-13mm | 5/6-mid,17,rotary,400,distance_from_run_start,107.2,180.0,430.0,15,True
6B-13mm | 5/6-mid,17,rotary,500,distance_from_run_start,107.2,180.0,430.0,14,True
6B-13mm | 5/6-mid,17,rotary,600,distance_from_run_start,111.2,180.0,425.0,15,True
6B-13mm | 5/6-mid,17,rotary,700,distance_from_run_start,116.6,180.0,414.0,16,True
6B-13mm | 5/6-mid,17,rotary,800,distance_from_run_start,128.6,180.0,400.0,15,True
6B-13mm | 5/6-mid,17,rotary,900,distance_from_run_start,147.8,240.0,400.0,14,True
6B-13mm | 5/6-mid,17,rotary,1000,distance_from_run_start,150.0,257.1,388.0,17,True
6B-13mm | 5/6-mid,17,rotary,1100,distance_from_run_start,165.4,257.1,400.0,17,True
6B-13mm | 5/6-mid,17,rotary,1200,distance_from_run_start,176.3,257.1,400.0,17,True
6B-13mm | 5/6-mid,17,rotary,1300,distance_from_run_start,189.5,257.1,400.0,17,True
6B-13mm | 5/6-mid,17,rotary,1400,distance_from_run_start,189.5,257.1,420.0,17,True
6B-13mm | 5/6-mid,17,rotary,1500,distance_from_run_start,189.5,257.1,420.0,17,True
6B-13mm | 5/6-mid,17,rotary,1600,distance_from_run_start,189.5,257.1,400.0,17,True
6B-13mm | 5/6-mid,17,rotary,1700,distance_from_run_start,189.5,276.9,420.0,17,True
6B-13mm | 5/6-mid,17,rotary,1800,distance_from_run_start,197.6,276.9,400.0,17,True
6B-13mm | 5/6-mid,17,rotary,1900,distance_from_run_start,202.9,276.9,400.0,17,True
6B-13mm | 5/6-mid,17,rotary,2000,distance_from_run_start,202.9,300.0,400.0,17,True
6B-13mm | 5/6-mid,17,rotary,2100,distance_from_run_start,211.8,300.0,420.0,17,True
6B-13mm | 5/6-mid,17,rotary,2200,distance_from_run_start,211.8,300.0,400.0,17,True
6B-13mm | 5/6-mid,17,rotary,2300,distance_from_run_start,211.8,300.0,400.0,17,True
6B-13mm | 5/6-mid,17,rotary,2400,distance_from_run_start,211.8,300.0,400.0,17,True
6B-13mm | 5/6-mid,17,rotary,2500,distance_from_run_start,211.8,276.9,376.0,17,True
6B-13mm | 5/6-mid,17,rotary,2600,distance_from_run_start,211.8,276.9,376.0,17,True
6B-13mm | 5/6-mid,17,rotary,2700,distance_from_run_start,195.8,276.9,376.0,17,True
6B-13mm | 5/6-mid,17,rotary,2800,distance_from_run_start,195.8,276.9,376.0,17,True
6B-13mm | 5/6-mid,17,rotary,2900,distance_from_run_start,195.8,300.0,376.0,17,True
6B-13mm | 5/6-mid,17,rotary,3000,distance_from_run_start,199.1,300.0,376.0,17,True
6B-13mm | 5/6-mid,17,rotary,3100,distance_from_run_start,207.1,300.0,400.0,17,True
6B-13mm | 5/6-mid,17,rotary,3200,distance_from_run_start,207.1,300.0,400.0,17,True
6B-13mm | 5/6-mid,17,rotary,3300,distance_from_run_start,202.9,313.6,400.0,17,True
6B-13mm | 5/6-mid,17,rotary,3400,distance_from_run_start,207.1,313.6,400.0,17,True
6B-13mm | 5/6-mid,17,rotary,3500,distance_from_run_start,207.2,320.5,400.0,16,True
6B-13mm | 5/6-mid,17,rotary,3600,distance_from_run_start,207.2,313.6,400.0,16,True
6B-13mm | 5/6-mid,17,rotary,3700,distance_from_run_start,218.4,302.1,400.0,16,True
6B-13mm | 5/6-mid,17,rotary,3800,distance_from_run_start,218.4,288.4,400.0,16,True
6B-13mm | 5/6-mid,17,rotary,3900,distance_from_run_start,218.4,276.9,400.0,16,True
6B-13mm | 5/6-mid,17,rotary,4000,distance_from_run_start,200.7,276.9,400.0,16,True
6B-13mm | 5/6-mid,17,rotary,4100,distance_from_run_start,200.7,276.9,400.0,16,True
6B-13mm | 5/6-mid,17,rotary,4200,distance_from_run_start,200.7,276.9,380.0,16,True
6B-13mm | 5/6-mid,17,rotary,4300,distance_from_run_start,211.8,276.9,380.0,16,True
6B-13mm | 5/6-mid,17,rotary,4400,distance_from_run_start,211.8,288.4,360.0,16,True
6B-13mm | 5/6-mid,17,rotary,4500,distance_from_run_start,211.8,288.4,360.0,16,True
6B-13mm | 5/6-mid,17,rotary,4600,distance_from_run_start,210.0,288.4,360.0,15,True
6B-13mm | 5/6-mid,17,rotary,4700,distance_from_run_start,198.0,288.4,360.0,15,True
6B-13mm | 5/6-mid,17,rotary,4800,distance_from_run_start,183.8,276.9,360.0,15,True
6B-13mm | 5/6-mid,17,rotary,4900,distance_from_run_start,183.8,270.0,360.0,15,True
6B-13mm | 5/6-mid,17,rotary,5000,distance_from_run_start,183.8,257.1,350.2,15,True
6B-13mm | 5/6-mid,17,rotary,5100,distance_from_run_start,203.5,257.1,350.2,14,True
6B-13mm | 5/6-mid,17,rotary,5200,distance_from_run_start,203.5,257.1,350.2,14,True
6B-13mm | 5/6-mid,17,rotary,5300,distance_from_run_start,203.5,270.0,353.5,13,True
6B-13mm | 5/6-mid,17,rotary,5400,distance_from_run_start,203.5,292.2,356.7,12,True
6B-13mm | 5/6-mid,17,rotary,5500,distance_from_run_start,200.0,300.0,360.0,11,True
6B-13mm | 5/6-mid,17,rotary,5600,distance_from_run_start,181.9,300.0,360.0,12,True
6B-13mm | 5/6-mid,17,rotary,5700,distance_from_run_start,181.9,300.0,360.0,12,True
6B-13mm | 5/6-mid,17,rotary,5800,distance_from_run_start,181.9,283.6,360.0,13,True
6B-13mm | 5/6-mid,17,rotary,5900,distance_from_run_start,193.1,283.6,360.0,12,True
6B-13mm | 5/6-mid,17,rotary,6000,distance_from_run_start,193.1,276.9,360.0,13,True
6B-13mm | 5/6-mid,17,rotary,6100,distance_from_run_start,193.1,283.6,360.0,13,True
6B-13mm | 5/6-mid,17,rotary,6200,distance_from_run_start,193.1,288.4,360.0,12,True
6B-13mm | 5/6-mid,17,rotary,6300,distance_from_run_start,193.1,300.0,360.0,12,True
6B-13mm | 5/6-mid,17,rotary,6400,distance_from_run_start,191.7,300.0,360.0,12,True
6B-13mm | 5/6-mid,17,rotary,6500,distance_from_run_start,184.5,300.0,360.0,12,True
6B-13mm | 5/6-mid,17,rotary,6600,distance_from_run_start,193.1,300.0,360.0,12,True
6B-13mm | 5/6-mid,17,rotary,6700,distance_from_run_start,194.6,300.0,360.0,12,True
6B-13mm | 5/6-mid,17,rotary,6800,distance_from_run_start,196.6,300.0,360.0,13,True
6B-13mm | 5/6-mid,17,rotary,6900,distance_from_run_start,202.4,300.0,360.0,13,True
6B-13mm | 5/6-mid,17,rotary,7000,distance_from_run_start,202.4,300.0,360.0,13,True
6B-13mm | 5/6-mid,17,rotary,7100,distance_from_run_start,205.0,300.0,360.0,13,True
6B-13mm | 5/6-mid,17,rotary,7200,distance_from_run_start,202.4,300.0,360.0,13,True
6B-13mm | 5/6-mid,17,rotary,7300,distance_from_run_start,202.4,300.0,360.0,13,True
6B-13mm | 5/6-mid,17,rotary,7400,distance_from_run_start,200.0,300.0,360.0,13,True
6B-13mm | 5/6-mid,17,rotary,7500,distance_from_run_start,189.5,300.0,360.0,13,True
6B-13mm | 5/6-mid,17,rotary,7600,distance_from_run_start,189.5,300.0,360.0,13,True
6B-13mm | 5/6-mid,17,rotary,7700,distance_from_run_start,185.2,300.0,360.0,13,True
6B-13mm | 5/6-mid,17,rotary,7800,distance_from_run_start,175.0,300.0,360.0,13,True
6B-13mm | 5/6-mid,17,rotary,7900,distance_from_run_start,173.1,300.0,360.0,13,True
6B-13mm | 5/6-mid,17,rotary,8000,distance_from_run_start,171.4,276.9,360.0,13,True
6B-13mm | 5/6-mid,17,rotary,8100,distance_from_run_start,170.9,276.9,360.0,13,True
6B-13mm | 5/6-mid,17,rotary,8200,distance_from_run_start,165.2,276.9,360.0,13,True
6B-13mm | 5/6-mid,17,rotary,8300,distance_from_run_start,170.9,267.0,360.0,13,True
6B-13mm | 5/6-mid,17,rotary,8400,distance_from_run_start,165.2,257.1,356.7,13,True
6B-13mm | 5/6-mid,17,rotary,8500,distance_from_run_start,167.6,257.1,353.5,12,True
6B-13mm | 5/6-mid,17,rotary,8600,distance_from_run_start,142.9,257.1,333.8,11,True
6B-13mm | 5/6-mid,17,rotary,8700,distance_from_run_start,154.0,257.1,333.8,10,True
6B-13mm | 5/6-mid,17,rotary,8800,distance_from_run_start,154.0,257.1,333.8,9,True
6B-13mm | 5/6-mid,17,rotary,8900,distance_from_run_start,160.9,276.9,333.8,9,True
6B-13mm | 5/6-mid,17,rotary,9000,distance_from_run_start,154.0,276.9,333.8,9,True
6B-13mm | 5/6-mid,17,rotary,9100,distance_from_run_start,154.0,276.9,333.8,8,True
6B-13mm | 5/6-mid,17,rotary,9200,distance_from_run_start,154.5,276.9,333.8,8,True
6B-13mm | 5/6-mid,17,rotary,9300,distance_from_run_start,154.5,288.4,337.1,8,True
6B-13mm | 5/6-mid,17,rotary,9400,distance_from_run_start,147.6,300.0,337.1,8,True
6B-13mm | 5/6-mid,17,rotary,9500,distance_from_run_start,154.5,300.0,337.1,7,True
6B-13mm | 5/6-mid,17,rotary,9600,distance_from_run_start,154.5,300.0,337.1,7,True
6B-13mm | 5/6-mid,17,rotary,9700,distance_from_run_start,153.0,300.0,340.4,7,True
6B-13mm | 5/6-mid,17,rotary,9800,distance_from_run_start,147.6,300.0,340.4,7,True
6B-13mm | 5/6-mid,17,rotary,9900,distance_from_run_start,141.8,276.9,340.4,7,True
6B-13mm | 5/6-mid,17,rotary,10000,distance_from_run_start,141.7,276.9,346.9,5,True
6B-13mm | 5/6-mid,17,rotary,10100,distance_from_run_start,141.7,300.0,346.9,5,True
6B-13mm | 5/6-mid,17,rotary,10200,distance_from_run_start,141.7,292.2,346.9,5,True
6B-13mm | 5/6-mid,17,rotary,10300,distance_from_run_start,191.7,292.2,350.2,4,True
6B-13mm | 5/6-mid,17,rotary,10400,distance_from_run_start,191.7,292.2,350.2,4,True
6B-13mm | 5/6-mid,17,rotary,10500,distance_from_run_start,191.7,292.2,350.2,4,True
6B-13mm | 5/6-mid,17,rotary,10600,distance_from_run_start,181.6,267.0,342.0,4,True
6B-13mm | 5/6-mid,17,rotary,10700,distance_from_run_start,174.1,259.2,335.1,4,True
6B-13mm | 5/6-mid,17,rotary,10800,distance_from_run_start,163.6,258.4,335.1,4,True
6B-13mm | 5/6-mid,17,rotary,10900,distance_from_run_start,174.1,202.5,261.3,4,True
6B-13mm | 5/6-mid,17,rotary,11000,distance_from_run_start,181.6,202.5,261.3,3,True
6B-13mm | 5/6-mid,17,rotary,11100,distance_from_run_start,181.9,202.5,259.4,3,True
6B-13mm | 5/6-mid,17,rotary,11200,distance_from_run_start,189.7,228.4,259.4,2,False
6B-13mm | 5/6-mid,17,rotary,11300,distance_from_run_start,257.1,257.1,259.4,1,False
6B-13mm | 5/6-mid,17,rotary,11400,distance_from_run_start,257.1,257.1,257.1,1,False
6B-13mm | 5/6-mid,17,rotary,11500,distance_from_run_start,257.1,257.1,257.1,1,False
6B-13mm | 5/6-mid,17,rotary,11600,distance_from_run_start,225.0,225.0,225.0,1,False
6B-13mm | 5/6-mid,17,rotary,11700,distance_from_run_start,225.0,225.0,225.0,1,False
6B-13mm | 5/6-mid,17,rotary,11800,distance_from_run_start,225.0,225.0,225.0,1,False
6B-13mm | 5/6-mid,17,rotary,11900,distance_from_run_start,225.0,225.0,225.0,1,False
6B-13mm | 5/6-mid,17,rotary,12000,distance_from_run_start,225.0,225.0,225.0,1,False
6B-13mm | 5/6-mid,17,rotary,12100,distance_from_run_start,225.0,225.0,225.0,1,False
6B-13mm | 5/6-mid,17,rotary,12200,distance_from_run_start,225.0,225.0,225.0,1,False
6B-13mm | 5/6-mid,17,slide,0,distance_from_lateral_start,46.4,81.8,119.4,14,True
6B-13mm | 5/6-mid,17,slide,250,distance_from_lateral_start,58.0,84.8,129.9,14,True
6B-13mm | 5/6-mid,17,slide,500,distance_from_lateral_start,61.1,87.8,140.3,15,True
6B-13mm | 5/6-mid,17,slide,750,distance_from_lateral_start,69.5,90.0,150.0,13,True
6B-13mm | 5/6-mid,17,slide,1000,distance_from_lateral_start,69.5,90.0,150.0,13,True
6B-13mm | 5/6-mid,17,slide,1250,distance_from_lateral_start,61.1,90.0,150.0,11,True
6B-13mm | 5/6-mid,17,slide,1500,distance_from_lateral_start,51.5,88.9,147.6,12,True
6B-13mm | 5/6-mid,17,slide,1750,distance_from_lateral_start,51.5,88.9,147.6,10,True
6B-13mm | 5/6-mid,17,slide,2000,distance_from_lateral_start,51.5,87.8,130.4,9,True
6B-13mm | 5/6-mid,17,slide,2250,distance_from_lateral_start,50.4,80.0,130.4,9,True
6B-13mm | 5/6-mid,17,slide,2500,distance_from_lateral_start,50.4,74.5,130.4,9,True
6B-13mm | 5/6-mid,17,slide,2750,distance_from_lateral_start,50.4,74.5,130.4,12,True
6B-13mm | 5/6-mid,17,slide,3000,distance_from_lateral_start,50.4,71.7,130.4,8,True
6B-13mm | 5/6-mid,17,slide,3250,distance_from_lateral_start,50.4,70.0,118.0,10,True
6B-13mm | 5/6-mid,17,slide,3500,distance_from_lateral_start,49.8,70.0,102.9,8,True
6B-13mm | 5/6-mid,17,slide,3750,distance_from_lateral_start,49.8,63.8,97.3,11,True
6B-13mm | 5/6-mid,17,slide,4000,distance_from_lateral_start,41.6,63.2,81.8,11,True
6B-13mm | 5/6-mid,17,slide,4250,distance_from_lateral_start,41.6,58.1,81.8,11,True
6B-13mm | 5/6-mid,17,slide,4500,distance_from_lateral_start,38.7,56.2,79.7,11,True
6B-13mm | 5/6-mid,17,slide,4750,distance_from_lateral_start,36.0,54.5,76.6,12,True
6B-13mm | 5/6-mid,17,slide,5000,distance_from_lateral_start,33.2,54.5,75.0,15,True
6B-13mm | 5/6-mid,17,slide,5250,distance_from_lateral_start,33.2,54.5,79.7,12,True
6B-13mm | 5/6-mid,17,slide,5500,distance_from_lateral_start,33.2,54.5,79.7,11,True
6B-13mm | 5/6-mid,17,slide,5750,distance_from_lateral_start,38.4,53.7,90.0,11,True
6B-13mm | 5/6-mid,17,slide,6000,distance_from_lateral_start,38.4,53.7,90.0,10,True
6B-13mm | 5/6-mid,17,slide,6250,distance_from_lateral_start,39.1,53.7,90.0,13,True
6B-13mm | 5/6-mid,17,slide,6500,distance_from_lateral_start,38.4,50.7,66.1,11,True
6B-13mm | 5/6-mid,17,slide,6750,distance_from_lateral_start,35.1,50.7,60.4,11,True
6B-13mm | 5/6-mid,17,slide,7000,distance_from_lateral_start,32.7,47.6,60.4,12,True
6B-13mm | 5/6-mid,17,slide,7250,distance_from_lateral_start,24.3,42.6,66.1,7,True
6B-13mm | 5/6-mid,17,slide,7500,distance_from_lateral_start,24.3,42.6,89.0,9,True
6B-13mm | 5/6-mid,17,slide,7750,distance_from_lateral_start,24.3,38.7,89.0,9,True
6B-13mm | 5/6-mid,17,slide,8000,distance_from_lateral_start,24.7,38.7,100.0,10,True
6B-13mm | 5/6-mid,17,slide,8250,distance_from_lateral_start,24.7,38.7,102.9,6,True
6B-13mm | 5/6-mid,17,slide,8500,distance_from_lateral_start,25.9,36.8,89.0,8,True
6B-13mm | 5/6-mid,17,slide,8750,distance_from_lateral_start,25.9,36.8,59.8,8,True
6B-13mm | 5/6-mid,17,slide,9000,distance_from_lateral_start,27.0,41.9,102.9,6,True
6B-13mm | 5/6-mid,17,slide,9250,distance_from_lateral_start,27.0,34.6,59.8,5,True
6B-13mm | 5/6-mid,17,slide,9500,distance_from_lateral_start,28.7,41.9,59.8,5,True
6B-13mm | 5/6-mid,17,slide,9750,distance_from_lateral_start,28.7,41.9,48.4,3,True
6B-13mm | 5/6-mid,17,slide,10000,distance_from_lateral_start,24.0,41.9,43.8,3,True
6B-13mm | 5/6-mid,17,slide,10250,distance_from_lateral_start,24.0,43.4,43.8,3,True
6B-13mm | 5/6-mid,17,slide,10500,distance_from_lateral_start,29.7,44.1,45.1,3,True
6B-13mm | 5/6-mid,17,slide,10750,distance_from_lateral_start,30.0,43.4,43.8,2,False
6B-13mm | 5/6-mid,17,slide,11250,distance_from_lateral_start,31.7,43.4,43.8,1,False
6B-13mm | 5/6-mid,17,slide,11500,distance_from_lateral_start,31.7,33.6,35.5,2,False
6B-13mm | 5/6-mid,17,slide,11750,distance_from_lateral_start,30.0,30.9,31.7,2,False
6B-13mm | 5/6-mid,17,slide,12000,distance_from_lateral_start,30.0,30.9,31.7,2,False
6B-13mm | 5/6-mid,17,slide,12750,distance_from_lateral_start,28.8,30.1,31.4,1,False
6B-13mm | 5/6-mid,17,slide,13000,distance_from_lateral_start,25.8,26.6,27.3,1,False
6B-13mm | 7/8-lo,11,rotary,0,distance_from_run_start,154.4,200.0,360.0,9,True
6B-13mm | 7/8-lo,11,rotary,100,distance_from_run_start,156.9,197.9,360.0,7,True
6B-13mm | 7/8-lo,11,rotary,200,distance_from_run_start,159.4,200.0,360.0,7,True
6B-13mm | 7/8-lo,11,rotary,300,distance_from_run_start,159.4,200.0,360.0,8,True
6B-13mm | 7/8-lo,11,rotary,400,distance_from_run_start,154.4,195.9,360.0,7,True
6B-13mm | 7/8-lo,11,rotary,500,distance_from_run_start,147.0,189.5,360.0,9,True
6B-13mm | 7/8-lo,11,rotary,600,distance_from_run_start,147.0,185.0,333.8,9,True
6B-13mm | 7/8-lo,11,rotary,700,distance_from_run_start,147.0,185.0,333.8,10,True
6B-13mm | 7/8-lo,11,rotary,800,distance_from_run_start,159.2,189.5,360.0,10,True
6B-13mm | 7/8-lo,11,rotary,900,distance_from_run_start,178.3,211.8,360.0,9,True
6B-13mm | 7/8-lo,11,rotary,1000,distance_from_run_start,178.3,276.9,360.0,9,True
6B-13mm | 7/8-lo,11,rotary,1100,distance_from_run_start,178.3,276.9,364.0,10,True
6B-13mm | 7/8-lo,11,rotary,1200,distance_from_run_start,187.6,343.6,364.0,10,True
6B-13mm | 7/8-lo,11,rotary,1300,distance_from_run_start,193.8,360.0,400.0,10,True
6B-13mm | 7/8-lo,11,rotary,1400,distance_from_run_start,185.6,360.0,400.0,10,True
6B-13mm | 7/8-lo,11,rotary,1500,distance_from_run_start,185.6,360.0,400.0,10,True
6B-13mm | 7/8-lo,11,rotary,1600,distance_from_run_start,185.6,360.0,400.0,10,True
6B-13mm | 7/8-lo,11,rotary,1700,distance_from_run_start,185.6,360.0,400.0,10,True
6B-13mm | 7/8-lo,11,rotary,1800,distance_from_run_start,184.4,360.0,400.0,10,True
6B-13mm | 7/8-lo,11,rotary,1900,distance_from_run_start,184.4,360.0,400.0,10,True
6B-13mm | 7/8-lo,11,rotary,2000,distance_from_run_start,183.9,360.0,400.0,10,True
6B-13mm | 7/8-lo,11,rotary,2100,distance_from_run_start,183.9,360.0,405.0,10,True
6B-13mm | 7/8-lo,11,rotary,2200,distance_from_run_start,180.0,360.0,405.0,11,True
6B-13mm | 7/8-lo,11,rotary,2300,distance_from_run_start,180.0,360.0,400.0,11,True
6B-13mm | 7/8-lo,11,rotary,2400,distance_from_run_start,171.4,327.3,360.0,11,True
6B-13mm | 7/8-lo,11,rotary,2500,distance_from_run_start,171.4,327.3,360.0,11,True
6B-13mm | 7/8-lo,11,rotary,2600,distance_from_run_start,171.4,327.3,360.0,11,True
6B-13mm | 7/8-lo,11,rotary,2700,distance_from_run_start,189.5,327.3,360.0,10,True
6B-13mm | 7/8-lo,11,rotary,2800,distance_from_run_start,206.3,343.6,364.0,10,True
6B-13mm | 7/8-lo,11,rotary,2900,distance_from_run_start,208.6,343.6,364.0,10,True
6B-13mm | 7/8-lo,11,rotary,3000,distance_from_run_start,217.5,330.0,369.0,10,True
6B-13mm | 7/8-lo,11,rotary,3100,distance_from_run_start,218.9,343.6,369.0,10,True
6B-13mm | 7/8-lo,11,rotary,3200,distance_from_run_start,218.9,330.0,369.0,10,True
6B-13mm | 7/8-lo,11,rotary,3300,distance_from_run_start,228.2,330.0,369.0,10,True
6B-13mm | 7/8-lo,11,rotary,3400,distance_from_run_start,218.9,343.6,369.0,10,True
6B-13mm | 7/8-lo,11,rotary,3500,distance_from_run_start,216.0,360.0,369.0,9,True
6B-13mm | 7/8-lo,11,rotary,3600,distance_from_run_start,216.0,360.0,369.0,9,True
6B-13mm | 7/8-lo,11,rotary,3700,distance_from_run_start,227.5,360.0,378.0,9,True
6B-13mm | 7/8-lo,11,rotary,3800,distance_from_run_start,227.5,360.0,378.0,9,True
6B-13mm | 7/8-lo,11,rotary,3900,distance_from_run_start,240.0,360.0,415.0,8,True
6B-13mm | 7/8-lo,11,rotary,4000,distance_from_run_start,247.5,360.0,415.0,8,True
6B-13mm | 7/8-lo,11,rotary,4100,distance_from_run_start,247.5,360.0,415.0,8,True
6B-13mm | 7/8-lo,11,rotary,4200,distance_from_run_start,247.5,360.0,415.0,8,True
6B-13mm | 7/8-lo,11,rotary,4300,distance_from_run_start,252.0,360.0,360.0,8,True
6B-13mm | 7/8-lo,11,rotary,4400,distance_from_run_start,252.0,360.0,360.0,8,True
6B-13mm | 7/8-lo,11,rotary,4500,distance_from_run_start,277.5,360.0,360.0,8,True
6B-13mm | 7/8-lo,11,rotary,4600,distance_from_run_start,301.1,360.0,360.0,8,True
6B-13mm | 7/8-lo,11,rotary,4700,distance_from_run_start,301.1,360.0,360.0,8,True
6B-13mm | 7/8-lo,11,rotary,4800,distance_from_run_start,301.1,360.0,360.0,8,True
6B-13mm | 7/8-lo,11,rotary,4900,distance_from_run_start,301.1,360.0,360.0,8,True
6B-13mm | 7/8-lo,11,rotary,5000,distance_from_run_start,270.0,360.0,372.0,8,True
6B-13mm | 7/8-lo,11,rotary,5100,distance_from_run_start,257.4,360.0,372.0,8,True
6B-13mm | 7/8-lo,11,rotary,5200,distance_from_run_start,250.7,360.0,400.0,8,True
6B-13mm | 7/8-lo,11,rotary,5300,distance_from_run_start,250.7,360.0,400.0,7,True
6B-13mm | 7/8-lo,11,rotary,5400,distance_from_run_start,250.7,360.0,400.0,7,True
6B-13mm | 7/8-lo,11,rotary,5500,distance_from_run_start,250.9,360.0,400.0,7,True
6B-13mm | 7/8-lo,11,rotary,5600,distance_from_run_start,250.9,360.0,400.0,7,True
6B-13mm | 7/8-lo,11,rotary,5700,distance_from_run_start,250.9,360.0,376.0,7,True
6B-13mm | 7/8-lo,11,rotary,5800,distance_from_run_start,250.9,327.3,376.0,7,True
6B-13mm | 7/8-lo,11,rotary,5900,distance_from_run_start,241.9,300.0,360.0,7,True
6B-13mm | 7/8-lo,11,rotary,6000,distance_from_run_start,234.3,300.0,360.0,7,True
6B-13mm | 7/8-lo,11,rotary,6100,distance_from_run_start,223.3,288.4,360.0,7,True
6B-13mm | 7/8-lo,11,rotary,6200,distance_from_run_start,223.3,288.4,343.6,6,True
6B-13mm | 7/8-lo,11,rotary,6300,distance_from_run_start,223.3,276.9,343.6,6,True
6B-13mm | 7/8-lo,11,rotary,6400,distance_from_run_start,218.4,276.9,360.0,6,True
6B-13mm | 7/8-lo,11,rotary,6500,distance_from_run_start,218.4,262.5,360.0,6,True
6B-13mm | 7/8-lo,11,rotary,6600,distance_from_run_start,212.5,262.5,360.0,6,True
6B-13mm | 7/8-lo,11,rotary,6700,distance_from_run_start,211.8,258.4,360.0,6,True
6B-13mm | 7/8-lo,11,rotary,6800,distance_from_run_start,211.8,250.9,360.0,6,True
6B-13mm | 7/8-lo,11,rotary,6900,distance_from_run_start,200.7,250.9,360.0,6,True
6B-13mm | 7/8-lo,11,rotary,7000,distance_from_run_start,200.7,241.1,360.0,6,True
6B-13mm | 7/8-lo,11,rotary,7100,distance_from_run_start,200.7,241.1,380.0,6,True
6B-13mm | 7/8-lo,11,rotary,7200,distance_from_run_start,200.7,241.1,380.0,6,True
6B-13mm | 7/8-lo,11,rotary,7300,distance_from_run_start,200.7,276.9,380.0,6,True
6B-13mm | 7/8-lo,11,rotary,7400,distance_from_run_start,200.7,276.9,380.0,6,True
6B-13mm | 7/8-lo,11,rotary,7500,distance_from_run_start,214.8,276.9,380.0,6,True
6B-13mm | 7/8-lo,11,rotary,7600,distance_from_run_start,214.2,276.9,360.0,6,True
6B-13mm | 7/8-lo,11,rotary,7700,distance_from_run_start,198.2,267.0,360.0,6,True
6B-13mm | 7/8-lo,11,rotary,7800,distance_from_run_start,214.2,267.0,360.0,6,True
6B-13mm | 7/8-lo,11,rotary,7900,distance_from_run_start,223.3,276.9,346.9,6,True
6B-13mm | 7/8-lo,11,rotary,8000,distance_from_run_start,223.1,276.9,346.9,5,True
6B-13mm | 7/8-lo,11,rotary,8100,distance_from_run_start,231.0,276.9,346.9,4,True
6B-13mm | 7/8-lo,11,rotary,8200,distance_from_run_start,231.0,288.4,346.9,4,True
6B-13mm | 7/8-lo,11,rotary,8300,distance_from_run_start,223.1,302.1,350.2,4,True
6B-13mm | 7/8-lo,11,rotary,8400,distance_from_run_start,197.6,302.1,350.2,4,True
6B-13mm | 7/8-lo,11,rotary,8500,distance_from_run_start,192.6,302.1,350.2,4,True
6B-13mm | 7/8-lo,11,rotary,8600,distance_from_run_start,186.0,288.4,342.0,4,True
6B-13mm | 7/8-lo,11,rotary,8700,distance_from_run_start,186.0,288.4,342.0,4,True
6B-13mm | 7/8-lo,11,rotary,8800,distance_from_run_start,186.0,288.4,342.0,4,True
6B-13mm | 7/8-lo,11,rotary,8900,distance_from_run_start,183.9,302.1,350.2,4,True
6B-13mm | 7/8-lo,11,rotary,9000,distance_from_run_start,180.0,288.4,342.0,4,True
6B-13mm | 7/8-lo,11,rotary,9100,distance_from_run_start,176.4,302.1,350.2,4,True
6B-13mm | 7/8-lo,11,rotary,9200,distance_from_run_start,171.0,302.1,350.2,4,True
6B-13mm | 7/8-lo,11,rotary,9300,distance_from_run_start,171.0,302.1,350.2,4,True
6B-13mm | 7/8-lo,11,rotary,9400,distance_from_run_start,171.0,302.1,350.2,4,True
6B-13mm | 7/8-lo,11,rotary,9500,distance_from_run_start,199.4,302.1,350.2,3,True
6B-13mm | 7/8-lo,11,rotary,9600,distance_from_run_start,199.4,302.1,343.4,3,True
6B-13mm | 7/8-lo,11,rotary,9700,distance_from_run_start,281.9,302.1,322.3,3,True
6B-13mm | 7/8-lo,11,rotary,9800,distance_from_run_start,281.9,302.1,322.3,2,False
6B-13mm | 7/8-lo,11,rotary,9900,distance_from_run_start,281.9,302.1,322.3,2,False
6B-13mm | 7/8-lo,11,rotary,10000,distance_from_run_start,281.9,302.1,322.3,2,False
6B-13mm | 7/8-lo,11,rotary,10100,distance_from_run_start,281.9,302.1,322.3,2,False
6B-13mm | 7/8-lo,11,rotary,10200,distance_from_run_start,279.2,288.4,297.7,2,False
6B-13mm | 7/8-lo,11,rotary,10300,distance_from_run_start,259.1,267.0,274.9,2,False
6B-13mm | 7/8-lo,11,rotary,10400,distance_from_run_start,259.1,267.0,274.9,2,False
6B-13mm | 7/8-lo,11,rotary,10500,distance_from_run_start,259.1,267.0,274.9,2,False
6B-13mm | 7/8-lo,11,rotary,10600,distance_from_run_start,259.1,267.0,274.9,2,False
6B-13mm | 7/8-lo,11,rotary,10700,distance_from_run_start,259.1,267.0,274.9,2,False
6B-13mm | 7/8-lo,11,rotary,10800,distance_from_run_start,259.1,267.0,274.9,2,False
6B-13mm | 7/8-lo,11,rotary,10900,distance_from_run_start,230.2,250.9,271.7,2,False
6B-13mm | 7/8-lo,11,rotary,11000,distance_from_run_start,228.2,241.1,253.9,2,False
6B-13mm | 7/8-lo,11,rotary,11100,distance_from_run_start,198.2,233.2,253.9,2,False
6B-13mm | 7/8-lo,11,rotary,11200,distance_from_run_start,189.7,228.4,253.9,2,False
6B-13mm | 7/8-lo,11,rotary,11300,distance_from_run_start,189.7,228.4,267.2,2,False
6B-13mm | 7/8-lo,11,rotary,11400,distance_from_run_start,198.2,233.2,268.2,2,False
6B-13mm | 7/8-lo,11,rotary,11500,distance_from_run_start,198.2,233.2,268.2,2,False
6B-13mm | 7/8-lo,11,rotary,11600,distance_from_run_start,198.2,233.2,268.2,2,False
6B-13mm | 7/8-lo,11,rotary,11700,distance_from_run_start,198.2,233.2,268.2,2,False
6B-13mm | 7/8-lo,11,rotary,11800,distance_from_run_start,198.2,233.2,268.2,2,False
6B-13mm | 7/8-lo,11,rotary,11900,distance_from_run_start,198.2,233.2,268.2,2,False
6B-13mm | 7/8-lo,11,rotary,12000,distance_from_run_start,276.9,276.9,276.9,1,False
6B-13mm | 7/8-lo,11,rotary,12100,distance_from_run_start,276.9,276.9,276.9,1,False
6B-13mm | 7/8-lo,11,rotary,12200,distance_from_run_start,276.9,276.9,276.9,1,False
6B-13mm | 7/8-lo,11,rotary,12300,distance_from_run_start,276.9,276.9,276.9,1,False
6B-13mm | 7/8-lo,11,rotary,12400,distance_from_run_start,276.9,276.9,276.9,1,False
6B-13mm | 7/8-lo,11,slide,0,distance_from_lateral_start,61.7,85.0,195.9,6,True
6B-13mm | 7/8-lo,11,slide,250,distance_from_lateral_start,71.3,99.7,171.4,6,True
6B-13mm | 7/8-lo,11,slide,500,distance_from_lateral_start,81.0,114.3,192.0,6,True
6B-13mm | 7/8-lo,11,slide,750,distance_from_lateral_start,81.0,120.0,192.0,6,True
6B-13mm | 7/8-lo,11,slide,1000,distance_from_lateral_start,81.0,120.0,192.0,5,True
6B-13mm | 7/8-lo,11,slide,1250,distance_from_lateral_start,89.2,133.3,180.0,4,True
6B-13mm | 7/8-lo,11,slide,1500,distance_from_lateral_start,78.9,133.3,180.0,4,True
6B-13mm | 7/8-lo,11,slide,1750,distance_from_lateral_start,75.6,120.0,177.4,4,True
6B-13mm | 7/8-lo,11,slide,2000,distance_from_lateral_start,75.6,113.5,161.1,2,False
6B-13mm | 7/8-lo,11,slide,2250,distance_from_lateral_start,58.6,108.7,141.7,3,True
6B-13mm | 7/8-lo,11,slide,2500,distance_from_lateral_start,43.2,63.2,91.5,5,True
6B-13mm | 7/8-lo,11,slide,2750,distance_from_lateral_start,43.2,62.1,84.6,3,True
6B-13mm | 7/8-lo,11,slide,3000,distance_from_lateral_start,43.0,60.0,77.3,5,True
6B-13mm | 7/8-lo,11,slide,3250,distance_from_lateral_start,43.0,50.5,60.6,3,True
6B-13mm | 7/8-lo,11,slide,3500,distance_from_lateral_start,41.1,50.5,60.6,5,True
6B-13mm | 7/8-lo,11,slide,3750,distance_from_lateral_start,36.3,49.0,60.6,3,True
6B-13mm | 7/8-lo,11,slide,4000,distance_from_lateral_start,32.9,48.2,67.0,3,True
6B-13mm | 7/8-lo,11,slide,4250,distance_from_lateral_start,28.6,46.9,84.6,5,True
6B-13mm | 7/8-lo,11,slide,4500,distance_from_lateral_start,28.8,46.9,84.6,2,False
6B-13mm | 7/8-lo,11,slide,4750,distance_from_lateral_start,28.8,44.2,67.0,6,True
6B-13mm | 7/8-lo,11,slide,5000,distance_from_lateral_start,28.8,44.2,67.0,3,True
6B-13mm | 7/8-lo,11,slide,5250,distance_from_lateral_start,28.8,37.9,43.6,2,False
6B-13mm | 7/8-lo,11,slide,5500,distance_from_lateral_start,32.0,37.9,43.6,4,True
6B-13mm | 7/8-lo,11,slide,5750,distance_from_lateral_start,32.0,36.1,64.0,2,False
6B-13mm | 7/8-lo,11,slide,6000,distance_from_lateral_start,27.0,38.5,64.0,5,True
6B-13mm | 7/8-lo,11,slide,6250,distance_from_lateral_start,27.0,38.5,61.9,4,True
6B-13mm | 7/8-lo,11,slide,6500,distance_from_lateral_start,27.0,38.5,64.0,4,True
6B-13mm | 7/8-lo,11,slide,6750,distance_from_lateral_start,27.0,34.4,61.9,2,False
6B-13mm | 7/8-lo,11,slide,7000,distance_from_lateral_start,27.0,34.4,42.8,4,True
6B-13mm | 7/8-lo,11,slide,7250,distance_from_lateral_start,29.5,34.4,42.8,3,True
6B-13mm | 7/8-lo,11,slide,7500,distance_from_lateral_start,29.5,34.4,38.3,5,True
6B-13mm | 7/8-lo,11,slide,7750,distance_from_lateral_start,29.5,31.5,38.3,2,False
6B-13mm | 7/8-lo,11,slide,8000,distance_from_lateral_start,24.0,30.5,47.5,1,False
6B-13mm | 7/8-lo,11,slide,8250,distance_from_lateral_start,23.9,28.1,47.5,4,True
6B-13mm | 7/8-lo,11,slide,8500,distance_from_lateral_start,22.8,24.0,38.3,3,True
6B-13mm | 7/8-lo,11,slide,8750,distance_from_lateral_start,22.8,24.0,30.5,4,True
6B-13mm | 7/8-lo,11,slide,9000,distance_from_lateral_start,22.8,24.0,27.6,4,True
6B-13mm | 7/8-lo,11,slide,9250,distance_from_lateral_start,20.0,23.1,26.9,1,False
6B-13mm | 7/8-lo,11,slide,9500,distance_from_lateral_start,22.1,22.1,26.2,1,False
6B-13mm | 7/8-lo,11,slide,9750,distance_from_lateral_start,26.2,26.2,26.2,3,True
6B-13mm | 7/8-lo,11,slide,10000,distance_from_lateral_start,22.1,22.1,24.9,1,False
6B-13mm | 7/8-lo,11,slide,10250,distance_from_lateral_start,19.1,20.7,23.1,1,False
6B-13mm | 7/8-lo,11,slide,10750,distance_from_lateral_start,19.1,20.7,22.1,3,True
6B-13mm | 7/8-lo,11,slide,11000,distance_from_lateral_start,18.0,19.3,20.8,3,True
6B-13mm | 7/8-lo,11,slide,11250,distance_from_lateral_start,18.0,19.3,20.8,2,False
6B-13mm | 7/8-lo,11,slide,11500,distance_from_lateral_start,18.7,19.3,20.4,2,False
6B-13mm | 7/8-lo,11,slide,11750,distance_from_lateral_start,18.7,19.3,20.4,3,True
6B-13mm | 7/8-lo,11,slide,12000,distance_from_lateral_start,17.8,19.0,20.4,3,True
6B-13mm | 7/8-lo,11,slide,12250,distance_from_lateral_start,16.8,17.3,20.3,3,True
6B-13mm | 7/8-lo,11,slide,12750,distance_from_lateral_start,16.8,17.3,18.3,2,False
6B-13mm | 7/8-lo,11,slide,13000,distance_from_lateral_start,16.8,17.3,18.3,1,False
6B-13mm | 7/8-lo,11,slide,13250,distance_from_lateral_start,14.7,16.8,16.8,1,False
6B-13mm | 7/8-lo,11,slide,13500,distance_from_lateral_start,14.7,16.8,16.8,3,True
6B-13mm | 7/8-lo,11,slide,13750,distance_from_lateral_start,14.6,15.1,15.6,2,False
6B-13mm | 7/8-lo,11,slide,14000,distance_from_lateral_start,11.2,13.4,15.6,2,False
6B-13mm | 7/8-lo,11,slide,14500,distance_from_lateral_start,11.2,13.4,15.6,3,True
6B-13mm | 7/8-lo,11,slide,14750,distance_from_lateral_start,11.2,13.4,16.3,2,False
6B-13mm | 7/8-lo,11,slide,15000,distance_from_lateral_start,15.5,15.5,16.3,1,False
6B-13mm | 7/8-lo,11,slide,15500,distance_from_lateral_start,15.5,15.5,16.3,1,False
6B-13mm | 7/8-lo,11,slide,15750,distance_from_lateral_start,15.8,15.8,15.8,1,False
6B-13mm | 7/8-lo,11,slide,16000,distance_from_lateral_start,15.7,15.7,15.7,1,False
6B-13mm | 7/8-lo,11,slide,16250,distance_from_lateral_start,15.5,15.5,15.5,1,False
6B-16mm | 5/6-mid,22,rotary,0,distance_from_run_start,75.2,139.3,335.1,22,True
6B-16mm | 5/6-mid,22,rotary,100,distance_from_run_start,81.2,135.1,331.2,14,True
6B-16mm | 5/6-mid,22,rotary,200,distance_from_run_start,87.3,130.9,327.3,18,True
6B-16mm | 5/6-mid,22,rotary,300,distance_from_run_start,90.0,139.3,333.8,21,True
6B-16mm | 5/6-mid,22,rotary,400,distance_from_run_start,102.9,139.3,333.8,21,True
6B-16mm | 5/6-mid,22,rotary,500,distance_from_run_start,108.5,156.5,327.3,19,True
6B-16mm | 5/6-mid,22,rotary,600,distance_from_run_start,118.5,163.6,333.8,19,True
6B-16mm | 5/6-mid,22,rotary,700,distance_from_run_start,129.1,167.5,356.7,22,True
6B-16mm | 5/6-mid,22,rotary,800,distance_from_run_start,137.3,200.0,360.0,22,True
6B-16mm | 5/6-mid,22,rotary,900,distance_from_run_start,145.2,225.0,356.7,22,True
6B-16mm | 5/6-mid,22,rotary,1000,distance_from_run_start,154.6,225.0,360.0,18,True
6B-16mm | 5/6-mid,22,rotary,1100,distance_from_run_start,165.2,232.5,360.0,22,True
6B-16mm | 5/6-mid,22,rotary,1200,distance_from_run_start,169.7,300.0,360.0,22,True
6B-16mm | 5/6-mid,22,rotary,1300,distance_from_run_start,180.6,300.0,360.0,22,True
6B-16mm | 5/6-mid,22,rotary,1400,distance_from_run_start,211.8,300.0,360.0,22,True
6B-16mm | 5/6-mid,22,rotary,1500,distance_from_run_start,211.8,327.3,360.0,21,True
6B-16mm | 5/6-mid,22,rotary,1600,distance_from_run_start,211.8,327.3,400.0,21,True
6B-16mm | 5/6-mid,22,rotary,1700,distance_from_run_start,211.8,327.3,400.0,21,True
6B-16mm | 5/6-mid,22,rotary,1800,distance_from_run_start,225.0,327.3,400.0,21,True
6B-16mm | 5/6-mid,22,rotary,1900,distance_from_run_start,237.2,327.3,400.0,21,True
6B-16mm | 5/6-mid,22,rotary,2000,distance_from_run_start,237.2,327.3,400.0,20,True
6B-16mm | 5/6-mid,22,rotary,2100,distance_from_run_start,239.2,343.6,405.0,20,True
6B-16mm | 5/6-mid,22,rotary,2200,distance_from_run_start,239.2,343.6,427.5,20,True
6B-16mm | 5/6-mid,22,rotary,2300,distance_from_run_start,239.2,360.0,450.0,20,True
6B-16mm | 5/6-mid,22,rotary,2400,distance_from_run_start,240.0,360.0,450.0,20,True
6B-16mm | 5/6-mid,22,rotary,2500,distance_from_run_start,240.0,343.6,450.0,20,True
6B-16mm | 5/6-mid,22,rotary,2600,distance_from_run_start,252.6,343.6,450.0,20,True
6B-16mm | 5/6-mid,22,rotary,2700,distance_from_run_start,240.0,343.6,450.0,20,True
6B-16mm | 5/6-mid,22,rotary,2800,distance_from_run_start,240.0,343.6,410.0,20,True
6B-16mm | 5/6-mid,22,rotary,2900,distance_from_run_start,240.0,360.0,405.0,20,True
6B-16mm | 5/6-mid,22,rotary,3000,distance_from_run_start,253.9,360.0,410.0,19,True
6B-16mm | 5/6-mid,22,rotary,3100,distance_from_run_start,257.1,360.0,410.0,19,True
6B-16mm | 5/6-mid,22,rotary,3200,distance_from_run_start,257.1,360.0,410.0,19,True
6B-16mm | 5/6-mid,22,rotary,3300,distance_from_run_start,257.1,360.0,410.0,19,True
6B-16mm | 5/6-mid,22,rotary,3400,distance_from_run_start,269.5,360.0,410.0,19,True
6B-16mm | 5/6-mid,22,rotary,3500,distance_from_run_start,269.5,360.0,410.0,19,True
6B-16mm | 5/6-mid,22,rotary,3600,distance_from_run_start,269.5,360.0,410.0,19,True
6B-16mm | 5/6-mid,22,rotary,3700,distance_from_run_start,253.7,360.0,410.0,19,True
6B-16mm | 5/6-mid,22,rotary,3800,distance_from_run_start,253.7,360.0,410.0,19,True
6B-16mm | 5/6-mid,22,rotary,3900,distance_from_run_start,253.7,360.0,450.0,19,True
6B-16mm | 5/6-mid,22,rotary,4000,distance_from_run_start,250.7,360.0,450.0,19,True
6B-16mm | 5/6-mid,22,rotary,4100,distance_from_run_start,250.7,360.0,410.0,19,True
6B-16mm | 5/6-mid,22,rotary,4200,distance_from_run_start,250.7,360.0,410.0,19,True
6B-16mm | 5/6-mid,22,rotary,4300,distance_from_run_start,250.7,360.0,450.0,19,True
6B-16mm | 5/6-mid,22,rotary,4400,distance_from_run_start,237.0,360.0,410.0,19,True
6B-16mm | 5/6-mid,22,rotary,4500,distance_from_run_start,237.0,327.3,415.0,19,True
6B-16mm | 5/6-mid,22,rotary,4600,distance_from_run_start,226.3,360.0,415.0,19,True
6B-16mm | 5/6-mid,22,rotary,4700,distance_from_run_start,222.0,343.6,415.0,18,True
6B-16mm | 5/6-mid,22,rotary,4800,distance_from_run_start,221.0,327.3,415.0,18,True
6B-16mm | 5/6-mid,22,rotary,4900,distance_from_run_start,217.5,327.3,415.0,18,True
6B-16mm | 5/6-mid,22,rotary,5000,distance_from_run_start,211.0,327.3,450.0,18,True
6B-16mm | 5/6-mid,22,rotary,5100,distance_from_run_start,211.0,327.3,450.0,17,True
6B-16mm | 5/6-mid,22,rotary,5200,distance_from_run_start,211.0,327.3,450.0,17,True
6B-16mm | 5/6-mid,22,rotary,5300,distance_from_run_start,207.1,327.3,450.0,17,True
6B-16mm | 5/6-mid,22,rotary,5400,distance_from_run_start,207.1,327.3,450.0,17,True
6B-16mm | 5/6-mid,22,rotary,5500,distance_from_run_start,205.9,327.3,425.0,17,True
6B-16mm | 5/6-mid,22,rotary,5600,distance_from_run_start,207.1,327.3,420.0,16,True
6B-16mm | 5/6-mid,22,rotary,5700,distance_from_run_start,207.1,327.3,400.0,15,True
6B-16mm | 5/6-mid,22,rotary,5800,distance_from_run_start,205.9,327.3,400.0,15,True
6B-16mm | 5/6-mid,22,rotary,5900,distance_from_run_start,204.7,327.3,400.0,15,True
6B-16mm | 5/6-mid,22,rotary,6000,distance_from_run_start,195.6,327.3,384.0,15,True
6B-16mm | 5/6-mid,22,rotary,6100,distance_from_run_start,188.0,327.3,384.0,15,True
6B-16mm | 5/6-mid,22,rotary,6200,distance_from_run_start,188.0,327.3,360.0,15,True
6B-16mm | 5/6-mid,22,rotary,6300,distance_from_run_start,188.0,327.3,360.0,15,True
6B-16mm | 5/6-mid,22,rotary,6400,distance_from_run_start,204.7,327.3,360.0,15,True
6B-16mm | 5/6-mid,22,rotary,6500,distance_from_run_start,217.1,327.3,360.0,15,True
6B-16mm | 5/6-mid,22,rotary,6600,distance_from_run_start,217.1,300.0,414.0,15,True
6B-16mm | 5/6-mid,22,rotary,6700,distance_from_run_start,204.7,300.0,414.0,15,True
6B-16mm | 5/6-mid,22,rotary,6800,distance_from_run_start,204.7,300.0,414.0,15,True
6B-16mm | 5/6-mid,22,rotary,6900,distance_from_run_start,202.4,300.0,414.0,15,True
6B-16mm | 5/6-mid,22,rotary,7000,distance_from_run_start,196.9,300.0,400.9,15,True
6B-16mm | 5/6-mid,22,rotary,7100,distance_from_run_start,191.6,300.0,400.0,15,True
6B-16mm | 5/6-mid,22,rotary,7200,distance_from_run_start,174.0,300.0,400.0,15,True
6B-16mm | 5/6-mid,22,rotary,7300,distance_from_run_start,174.0,300.0,400.0,15,True
6B-16mm | 5/6-mid,22,rotary,7400,distance_from_run_start,174.0,327.3,400.0,14,True
6B-16mm | 5/6-mid,22,rotary,7500,distance_from_run_start,180.0,327.3,400.0,14,True
6B-16mm | 5/6-mid,22,rotary,7600,distance_from_run_start,189.5,327.3,388.0,14,True
6B-16mm | 5/6-mid,22,rotary,7700,distance_from_run_start,192.7,313.6,388.0,14,True
6B-16mm | 5/6-mid,22,rotary,7800,distance_from_run_start,192.7,300.0,388.0,14,True
6B-16mm | 5/6-mid,22,rotary,7900,distance_from_run_start,200.0,300.0,388.0,14,True
6B-16mm | 5/6-mid,22,rotary,8000,distance_from_run_start,196.2,300.0,388.0,14,True
6B-16mm | 5/6-mid,22,rotary,8100,distance_from_run_start,192.7,306.8,388.0,14,True
6B-16mm | 5/6-mid,22,rotary,8200,distance_from_run_start,186.0,306.8,388.0,14,True
6B-16mm | 5/6-mid,22,rotary,8300,distance_from_run_start,186.0,306.8,400.0,14,True
6B-16mm | 5/6-mid,22,rotary,8400,distance_from_run_start,182.8,288.4,400.0,14,True
6B-16mm | 5/6-mid,22,rotary,8500,distance_from_run_start,171.4,283.6,400.0,14,True
6B-16mm | 5/6-mid,22,rotary,8600,distance_from_run_start,168.5,267.0,400.0,14,True
6B-16mm | 5/6-mid,22,rotary,8700,distance_from_run_start,148.4,267.0,400.0,14,True
6B-16mm | 5/6-mid,22,rotary,8800,distance_from_run_start,148.4,267.0,400.0,14,True
6B-16mm | 5/6-mid,22,rotary,8900,distance_from_run_start,148.4,278.6,388.0,14,True
6B-16mm | 5/6-mid,22,rotary,9000,distance_from_run_start,154.3,278.6,388.0,13,True
6B-16mm | 5/6-mid,22,rotary,9100,distance_from_run_start,160.8,278.6,388.0,12,True
6B-16mm | 5/6-mid,22,rotary,9200,distance_from_run_start,163.6,276.9,392.7,12,True
6B-16mm | 5/6-mid,22,rotary,9300,distance_from_run_start,163.6,276.9,400.0,12,True
6B-16mm | 5/6-mid,22,rotary,9400,distance_from_run_start,163.6,276.9,400.0,11,True
6B-16mm | 5/6-mid,22,rotary,9500,distance_from_run_start,158.8,276.9,400.0,11,True
6B-16mm | 5/6-mid,22,rotary,9600,distance_from_run_start,158.8,276.9,400.0,10,True
6B-16mm | 5/6-mid,22,rotary,9700,distance_from_run_start,158.8,278.6,364.0,10,True
6B-16mm | 5/6-mid,22,rotary,9800,distance_from_run_start,162.9,288.4,364.0,10,True
6B-16mm | 5/6-mid,22,rotary,9900,distance_from_run_start,175.3,288.4,364.0,10,True
6B-16mm | 5/6-mid,22,rotary,10000,distance_from_run_start,181.3,278.6,334.6,10,True
6B-16mm | 5/6-mid,22,rotary,10100,distance_from_run_start,181.3,276.9,333.8,9,True
6B-16mm | 5/6-mid,22,rotary,10200,distance_from_run_start,175.3,276.9,327.3,9,True
6B-16mm | 5/6-mid,22,rotary,10300,distance_from_run_start,173.8,276.9,327.3,9,True
6B-16mm | 5/6-mid,22,rotary,10400,distance_from_run_start,159.7,276.9,327.3,9,True
6B-16mm | 5/6-mid,22,rotary,10500,distance_from_run_start,154.6,257.1,327.3,9,True
6B-16mm | 5/6-mid,22,rotary,10600,distance_from_run_start,128.1,257.1,305.5,9,True
6B-16mm | 5/6-mid,22,rotary,10700,distance_from_run_start,124.2,205.7,292.0,8,True
6B-16mm | 5/6-mid,22,rotary,10800,distance_from_run_start,124.2,200.7,292.0,8,True
6B-16mm | 5/6-mid,22,rotary,10900,distance_from_run_start,128.1,200.7,292.0,8,True
6B-16mm | 5/6-mid,22,rotary,11000,distance_from_run_start,138.7,200.7,292.0,6,True
6B-16mm | 5/6-mid,22,rotary,11100,distance_from_run_start,147.0,200.7,292.0,6,True
6B-16mm | 5/6-mid,22,rotary,11200,distance_from_run_start,147.0,198.2,276.9,6,True
6B-16mm | 5/6-mid,22,rotary,11300,distance_from_run_start,141.2,195.0,248.6,6,True
6B-16mm | 5/6-mid,22,rotary,11400,distance_from_run_start,138.7,160.7,216.2,6,True
6B-16mm | 5/6-mid,22,rotary,11500,distance_from_run_start,126.4,160.6,202.5,6,True
6B-16mm | 5/6-mid,22,rotary,11600,distance_from_run_start,117.4,147.8,194.0,5,True
6B-16mm | 5/6-mid,22,rotary,11700,distance_from_run_start,106.4,151.9,189.5,4,True
6B-16mm | 5/6-mid,22,rotary,11800,distance_from_run_start,104.1,147.8,187.6,4,True
6B-16mm | 5/6-mid,22,rotary,11900,distance_from_run_start,103.5,147.8,184.1,4,True
6B-16mm | 5/6-mid,22,rotary,12000,distance_from_run_start,89.7,109.1,181.2,3,True
6B-16mm | 5/6-mid,22,rotary,12100,distance_from_run_start,81.0,105.9,178.9,3,True
6B-16mm | 5/6-mid,22,rotary,12200,distance_from_run_start,85.5,105.9,173.4,3,True
6B-16mm | 5/6-mid,22,rotary,12300,distance_from_run_start,78.9,94.7,169.5,3,True
6B-16mm | 5/6-mid,22,rotary,12400,distance_from_run_start,78.9,87.8,161.6,2,False
6B-16mm | 5/6-mid,22,rotary,12500,distance_from_run_start,78.3,85.7,85.7,1,False
6B-16mm | 5/6-mid,22,rotary,12600,distance_from_run_start,80.0,80.0,80.0,1,False
6B-16mm | 5/6-mid,22,rotary,12700,distance_from_run_start,78.3,78.3,78.3,1,False
6B-16mm | 5/6-mid,22,rotary,12800,distance_from_run_start,78.3,78.3,78.3,1,False
6B-16mm | 5/6-mid,22,rotary,12900,distance_from_run_start,72.2,72.2,72.2,1,False
6B-16mm | 5/6-mid,22,rotary,13000,distance_from_run_start,66.1,66.1,66.1,1,False
6B-16mm | 5/6-mid,22,slide,0,distance_from_lateral_start,66.1,88.9,122.0,15,True
6B-16mm | 5/6-mid,22,slide,250,distance_from_lateral_start,70.8,99.8,156.0,16,True
6B-16mm | 5/6-mid,22,slide,500,distance_from_lateral_start,75.5,110.8,190.0,16,True
6B-16mm | 5/6-mid,22,slide,750,distance_from_lateral_start,75.5,110.8,190.0,16,True
6B-16mm | 5/6-mid,22,slide,1000,distance_from_lateral_start,75.5,110.8,190.0,15,True
6B-16mm | 5/6-mid,22,slide,1250,distance_from_lateral_start,65.7,105.9,234.3,14,True
6B-16mm | 5/6-mid,22,slide,1500,distance_from_lateral_start,55.7,91.5,168.7,10,True
6B-16mm | 5/6-mid,22,slide,1750,distance_from_lateral_start,55.7,90.0,163.6,13,True
6B-16mm | 5/6-mid,22,slide,2000,distance_from_lateral_start,59.0,80.0,168.7,13,True
6B-16mm | 5/6-mid,22,slide,2250,distance_from_lateral_start,59.0,76.2,163.6,11,True
6B-16mm | 5/6-mid,22,slide,2500,distance_from_lateral_start,51.9,75.9,135.6,8,True
6B-16mm | 5/6-mid,22,slide,2750,distance_from_lateral_start,53.0,76.2,163.6,14,True
6B-16mm | 5/6-mid,22,slide,3000,distance_from_lateral_start,47.6,76.0,111.1,7,True
6B-16mm | 5/6-mid,22,slide,3250,distance_from_lateral_start,47.6,76.0,111.1,10,True
6B-16mm | 5/6-mid,22,slide,3500,distance_from_lateral_start,52.4,76.0,123.8,10,True
6B-16mm | 5/6-mid,22,slide,3750,distance_from_lateral_start,52.4,76.0,128.6,10,True
6B-16mm | 5/6-mid,22,slide,4000,distance_from_lateral_start,46.1,75.0,128.6,10,True
6B-16mm | 5/6-mid,22,slide,4250,distance_from_lateral_start,49.6,66.1,134.2,11,True
6B-16mm | 5/6-mid,22,slide,4500,distance_from_lateral_start,46.1,65.8,128.6,12,True
6B-16mm | 5/6-mid,22,slide,4750,distance_from_lateral_start,45.0,61.0,128.6,8,True
6B-16mm | 5/6-mid,22,slide,5000,distance_from_lateral_start,39.1,61.0,123.7,9,True
6B-16mm | 5/6-mid,22,slide,5250,distance_from_lateral_start,37.1,60.7,122.0,11,True
6B-16mm | 5/6-mid,22,slide,5500,distance_from_lateral_start,36.8,48.6,96.7,12,True
6B-16mm | 5/6-mid,22,slide,5750,distance_from_lateral_start,35.6,48.6,111.3,9,True
6B-16mm | 5/6-mid,22,slide,6000,distance_from_lateral_start,33.4,50.7,87.1,13,True
6B-16mm | 5/6-mid,22,slide,6250,distance_from_lateral_start,30.7,48.7,87.1,9,True
6B-16mm | 5/6-mid,22,slide,6500,distance_from_lateral_start,29.3,48.7,87.1,7,True
6B-16mm | 5/6-mid,22,slide,6750,distance_from_lateral_start,29.8,48.7,78.3,15,True
6B-16mm | 5/6-mid,22,slide,7000,distance_from_lateral_start,29.8,46.2,78.3,11,True
6B-16mm | 5/6-mid,22,slide,7250,distance_from_lateral_start,29.8,45.5,78.3,11,True
6B-16mm | 5/6-mid,22,slide,7500,distance_from_lateral_start,29.8,44.4,61.7,12,True
6B-16mm | 5/6-mid,22,slide,7750,distance_from_lateral_start,29.8,45.5,61.7,10,True
6B-16mm | 5/6-mid,22,slide,8000,distance_from_lateral_start,31.3,44.4,61.7,15,True
6B-16mm | 5/6-mid,22,slide,8250,distance_from_lateral_start,29.8,44.4,61.1,5,True
6B-16mm | 5/6-mid,22,slide,8500,distance_from_lateral_start,27.1,44.0,61.6,10,True
6B-16mm | 5/6-mid,22,slide,8750,distance_from_lateral_start,27.1,44.0,61.1,9,True
6B-16mm | 5/6-mid,22,slide,9000,distance_from_lateral_start,23.2,40.3,57.6,8,True
6B-16mm | 5/6-mid,22,slide,9250,distance_from_lateral_start,23.2,37.5,57.6,8,True
6B-16mm | 5/6-mid,22,slide,9500,distance_from_lateral_start,17.3,37.5,57.6,7,True
6B-16mm | 5/6-mid,22,slide,9750,distance_from_lateral_start,16.4,32.9,57.6,5,True
6B-16mm | 5/6-mid,22,slide,10000,distance_from_lateral_start,17.3,32.9,55.8,8,True
6B-16mm | 5/6-mid,22,slide,10250,distance_from_lateral_start,17.3,32.9,55.8,7,True
6B-16mm | 5/6-mid,22,slide,10500,distance_from_lateral_start,21.6,32.9,54.0,3,True
6B-16mm | 5/6-mid,22,slide,10750,distance_from_lateral_start,23.6,32.9,45.9,5,True
6B-16mm | 5/6-mid,22,slide,11000,distance_from_lateral_start,23.6,33.2,45.9,1,False
6B-16mm | 5/6-mid,22,slide,11250,distance_from_lateral_start,23.6,34.0,38.5,4,True
6B-16mm | 5/6-mid,22,slide,11500,distance_from_lateral_start,23.6,34.0,35.0,3,True
6B-16mm | 5/6-mid,22,slide,11750,distance_from_lateral_start,23.6,35.0,45.9,1,False
6B-16mm | 5/6-mid,22,slide,12000,distance_from_lateral_start,23.6,35.0,35.0,2,False
6B-16mm | 5/6-mid,22,slide,12250,distance_from_lateral_start,35.0,35.0,35.0,2,False
6B-16mm | 5/6-mid,22,slide,12500,distance_from_lateral_start,37.0,41.2,41.2,1,False
6B-16mm | 5/6-mid,22,slide,16000,distance_from_lateral_start,39.1,42.5,42.5,1,False
6B-16mm | 5/6-mid,22,slide,16250,distance_from_lateral_start,41.2,41.2,41.2,1,False
6B-13mm | 5/6-lo,1,rotary,100,distance_from_run_start,102.9,102.9,102.9,1,False
6B-13mm | 5/6-lo,1,rotary,200,distance_from_run_start,157.4,157.4,157.4,1,False
6B-13mm | 5/6-lo,1,rotary,300,distance_from_run_start,211.8,211.8,211.8,1,False
6B-13mm | 5/6-lo,1,rotary,400,distance_from_run_start,225.0,225.0,225.0,1,False
6B-13mm | 5/6-lo,1,rotary,500,distance_from_run_start,240.0,240.0,240.0,1,False
6B-13mm | 5/6-lo,1,rotary,600,distance_from_run_start,240.0,240.0,240.0,1,False
6B-13mm | 5/6-lo,1,rotary,700,distance_from_run_start,240.0,240.0,240.0,1,False
6B-13mm | 5/6-lo,1,rotary,800,distance_from_run_start,240.0,240.0,240.0,1,False
6B-13mm | 5/6-lo,1,rotary,900,distance_from_run_start,257.1,257.1,257.1,1,False
6B-13mm | 5/6-lo,1,rotary,1000,distance_from_run_start,300.0,300.0,300.0,1,False
6B-13mm | 5/6-lo,1,rotary,1100,distance_from_run_start,300.0,300.0,300.0,1,False
6B-13mm | 5/6-lo,1,rotary,1200,distance_from_run_start,300.0,300.0,300.0,1,False
6B-13mm | 5/6-lo,1,rotary,1300,distance_from_run_start,327.3,327.3,327.3,1,False
6B-13mm | 5/6-lo,1,rotary,1400,distance_from_run_start,327.3,327.3,327.3,1,False
6B-13mm | 5/6-lo,1,rotary,1500,distance_from_run_start,360.0,360.0,360.0,1,False
6B-13mm | 5/6-lo,1,rotary,1600,distance_from_run_start,360.0,360.0,360.0,1,False
6B-13mm | 5/6-lo,1,rotary,1700,distance_from_run_start,360.0,360.0,360.0,1,False
6B-13mm | 5/6-lo,1,rotary,1800,distance_from_run_start,360.0,360.0,360.0,1,False
6B-13mm | 5/6-lo,1,rotary,1900,distance_from_run_start,360.0,360.0,360.0,1,False
6B-13mm | 5/6-lo,1,rotary,2000,distance_from_run_start,360.0,360.0,360.0,1,False
6B-13mm | 5/6-lo,1,rotary,2100,distance_from_run_start,360.0,360.0,360.0,1,False
6B-13mm | 5/6-lo,1,rotary,2200,distance_from_run_start,400.0,400.0,400.0,1,False
6B-13mm | 5/6-lo,1,rotary,2300,distance_from_run_start,400.0,400.0,400.0,1,False
6B-13mm | 5/6-lo,1,rotary,2400,distance_from_run_start,400.0,400.0,400.0,1,False
6B-13mm | 5/6-lo,1,rotary,2500,distance_from_run_start,400.0,400.0,400.0,1,False
6B-13mm | 5/6-lo,1,rotary,2600,distance_from_run_start,400.0,400.0,400.0,1,False
6B-13mm | 5/6-lo,1,rotary,2700,distance_from_run_start,400.0,400.0,400.0,1,False
6B-13mm | 5/6-lo,1,rotary,2800,distance_from_run_start,400.0,400.0,400.0,1,False
6B-13mm | 5/6-lo,1,rotary,2900,distance_from_run_start,400.0,400.0,400.0,1,False
6B-13mm | 5/6-lo,1,rotary,3000,distance_from_run_start,400.0,400.0,400.0,1,False
6B-13mm | 5/6-lo,1,rotary,3100,distance_from_run_start,400.0,400.0,400.0,1,False
6B-13mm | 5/6-lo,1,rotary,3200,distance_from_run_start,400.0,400.0,400.0,1,False
6B-13mm | 5/6-lo,1,rotary,3300,distance_from_run_start,400.0,400.0,400.0,1,False
6B-13mm | 5/6-lo,1,rotary,3400,distance_from_run_start,400.0,400.0,400.0,1,False
6B-13mm | 5/6-lo,1,rotary,3500,distance_from_run_start,400.0,400.0,400.0,1,False
6B-13mm | 5/6-lo,1,rotary,3600,distance_from_run_start,400.0,400.0,400.0,1,False
6B-13mm | 5/6-lo,1,rotary,3700,distance_from_run_start,400.0,400.0,400.0,1,False
6B-13mm | 5/6-lo,1,rotary,3800,distance_from_run_start,400.0,400.0,400.0,1,False
6B-13mm | 5/6-lo,1,rotary,3900,distance_from_run_start,400.0,400.0,400.0,1,False
6B-13mm | 5/6-lo,1,rotary,4000,distance_from_run_start,400.0,400.0,400.0,1,False
6B-13mm | 5/6-lo,1,rotary,4100,distance_from_run_start,400.0,400.0,400.0,1,False
6B-13mm | 5/6-lo,1,rotary,4200,distance_from_run_start,400.0,400.0,400.0,1,False
6B-13mm | 5/6-lo,1,rotary,4300,distance_from_run_start,400.0,400.0,400.0,1,False
6B-13mm | 5/6-lo,1,rotary,4400,distance_from_run_start,400.0,400.0,400.0,1,False
6B-13mm | 5/6-lo,1,rotary,4500,distance_from_run_start,400.0,400.0,400.0,1,False
6B-13mm | 5/6-lo,1,rotary,4600,distance_from_run_start,400.0,400.0,400.0,1,False
6B-13mm | 5/6-lo,1,rotary,4700,distance_from_run_start,400.0,400.0,400.0,1,False
6B-13mm | 5/6-lo,1,rotary,4800,distance_from_run_start,400.0,400.0,400.0,1,False
6B-13mm | 5/6-lo,1,rotary,4900,distance_from_run_start,400.0,400.0,400.0,1,False
6B-13mm | 5/6-lo,1,rotary,5000,distance_from_run_start,400.0,400.0,400.0,1,False
6B-13mm | 5/6-lo,1,rotary,5100,distance_from_run_start,400.0,400.0,400.0,1,False
6B-13mm | 5/6-lo,1,rotary,5200,distance_from_run_start,360.0,360.0,360.0,1,False
6B-13mm | 5/6-lo,1,rotary,5300,distance_from_run_start,400.0,400.0,400.0,1,False
6B-13mm | 5/6-lo,1,rotary,5400,distance_from_run_start,400.0,400.0,400.0,1,False
6B-13mm | 5/6-lo,1,rotary,5500,distance_from_run_start,400.0,400.0,400.0,1,False
6B-13mm | 5/6-lo,1,rotary,5600,distance_from_run_start,400.0,400.0,400.0,1,False
6B-13mm | 5/6-lo,1,rotary,5700,distance_from_run_start,400.0,400.0,400.0,1,False
6B-13mm | 5/6-lo,1,rotary,5800,distance_from_run_start,400.0,400.0,400.0,1,False
6B-13mm | 5/6-lo,1,rotary,5900,distance_from_run_start,400.0,400.0,400.0,1,False
6B-13mm | 5/6-lo,1,rotary,6000,distance_from_run_start,400.0,400.0,400.0,1,False
6B-13mm | 5/6-lo,1,rotary,6100,distance_from_run_start,400.0,400.0,400.0,1,False
6B-13mm | 5/6-lo,1,rotary,6200,distance_from_run_start,400.0,400.0,400.0,1,False
6B-13mm | 5/6-lo,1,rotary,6300,distance_from_run_start,400.0,400.0,400.0,1,False
6B-13mm | 5/6-lo,1,rotary,6400,distance_from_run_start,400.0,400.0,400.0,1,False
6B-13mm | 5/6-lo,1,rotary,6500,distance_from_run_start,360.0,360.0,360.0,1,False
6B-13mm | 5/6-lo,1,rotary,6600,distance_from_run_start,360.0,360.0,360.0,1,False
6B-13mm | 5/6-lo,1,rotary,6700,distance_from_run_start,360.0,360.0,360.0,1,False
6B-13mm | 5/6-lo,1,rotary,6800,distance_from_run_start,360.0,360.0,360.0,1,False
6B-13mm | 5/6-lo,1,rotary,6900,distance_from_run_start,327.3,327.3,327.3,1,False
6B-13mm | 5/6-lo,1,rotary,7000,distance_from_run_start,327.3,327.3,327.3,1,False
6B-13mm | 5/6-lo,1,rotary,7100,distance_from_run_start,327.3,327.3,327.3,1,False
6B-13mm | 5/6-lo,1,rotary,7200,distance_from_run_start,327.3,327.3,327.3,1,False
6B-13mm | 5/6-lo,1,rotary,7300,distance_from_run_start,300.0,300.0,300.0,1,False
6B-13mm | 5/6-lo,1,rotary,7400,distance_from_run_start,300.0,300.0,300.0,1,False
6B-13mm | 5/6-lo,1,rotary,7500,distance_from_run_start,300.0,300.0,300.0,1,False
6B-13mm | 5/6-lo,1,rotary,7600,distance_from_run_start,276.9,276.9,276.9,1,False
6B-13mm | 5/6-lo,1,rotary,7700,distance_from_run_start,267.0,267.0,267.0,1,False
6B-13mm | 5/6-lo,1,rotary,7800,distance_from_run_start,257.1,257.1,257.1,1,False
6B-13mm | 5/6-lo,1,rotary,7900,distance_from_run_start,257.1,257.1,257.1,1,False
6B-13mm | 5/6-lo,1,rotary,8000,distance_from_run_start,257.1,257.1,257.1,1,False
6B-13mm | 5/6-lo,1,rotary,8100,distance_from_run_start,257.1,257.1,257.1,1,False
6B-13mm | 5/6-lo,1,rotary,8200,distance_from_run_start,257.1,257.1,257.1,1,False
6B-13mm | 5/6-lo,1,rotary,8300,distance_from_run_start,257.1,257.1,257.1,1,False
6B-13mm | 5/6-lo,1,rotary,8400,distance_from_run_start,276.9,276.9,276.9,1,False
6B-13mm | 5/6-lo,1,rotary,8500,distance_from_run_start,276.9,276.9,276.9,1,False
6B-13mm | 5/6-lo,1,rotary,8600,distance_from_run_start,276.9,276.9,276.9,1,False
6B-13mm | 5/6-lo,1,rotary,8700,distance_from_run_start,276.9,276.9,276.9,1,False
6B-13mm | 5/6-lo,1,rotary,8800,distance_from_run_start,276.9,276.9,276.9,1,False
6B-13mm | 5/6-lo,1,rotary,8900,distance_from_run_start,276.9,276.9,276.9,1,False
6B-13mm | 5/6-lo,1,rotary,9000,distance_from_run_start,257.1,257.1,257.1,1,False
6B-13mm | 5/6-lo,1,rotary,9100,distance_from_run_start,257.1,257.1,257.1,1,False
6B-13mm | 5/6-lo,1,rotary,9200,distance_from_run_start,257.1,257.1,257.1,1,False
6B-13mm | 5/6-lo,1,rotary,9300,distance_from_run_start,257.1,257.1,257.1,1,False
6B-13mm | 5/6-lo,1,rotary,9400,distance_from_run_start,257.1,257.1,257.1,1,False
6B-13mm | 5/6-lo,1,rotary,9500,distance_from_run_start,257.1,257.1,257.1,1,False
6B-13mm | 5/6-lo,1,rotary,9600,distance_from_run_start,257.1,257.1,257.1,1,False
6B-13mm | 5/6-lo,1,rotary,9700,distance_from_run_start,248.6,248.6,248.6,1,False
6B-13mm | 5/6-lo,1,rotary,9800,distance_from_run_start,240.0,240.0,240.0,1,False
6B-13mm | 5/6-lo,1,slide,0,distance_from_lateral_start,93.5,93.5,93.5,1,False
6B-13mm | 5/6-lo,1,slide,250,distance_from_lateral_start,91.2,91.2,91.2,1,False
6B-13mm | 5/6-lo,1,slide,500,distance_from_lateral_start,88.9,88.9,88.9,1,False
6B-13mm | 5/6-lo,1,slide,1000,distance_from_lateral_start,93.5,93.5,93.5,1,False
6B-13mm | 5/6-lo,1,slide,1500,distance_from_lateral_start,93.5,93.5,93.5,1,False
6B-13mm | 5/6-lo,1,slide,1750,distance_from_lateral_start,88.9,88.9,88.9,1,False
6B-13mm | 5/6-lo,1,slide,2250,distance_from_lateral_start,88.9,88.9,88.9,1,False
6B-13mm | 5/6-lo,1,slide,3000,distance_from_lateral_start,72.8,72.8,72.8,1,False
6B-13mm | 5/6-lo,1,slide,3250,distance_from_lateral_start,72.0,72.0,72.0,1,False
6B-13mm | 5/6-lo,1,slide,3500,distance_from_lateral_start,70.6,70.6,70.6,1,False
6B-13mm | 5/6-lo,1,slide,3750,distance_from_lateral_start,46.5,46.5,46.5,1,False
6B-13mm | 5/6-lo,1,slide,4250,distance_from_lateral_start,46.5,46.5,46.5,1,False
6B-13mm | 5/6-lo,1,slide,4750,distance_from_lateral_start,54.1,54.1,54.1,1,False
6B-13mm | 5/6-lo,1,slide,5000,distance_from_lateral_start,53.7,53.7,53.7,1,False
6B-13mm | 5/6-lo,1,slide,5250,distance_from_lateral_start,53.7,53.7,53.7,1,False
6B-13mm | 5/6-lo,1,slide,5500,distance_from_lateral_start,53.7,53.7,53.7,1,False
6B-13mm | 5/6-lo,1,slide,6000,distance_from_lateral_start,49.3,49.3,49.3,1,False
6B-13mm | 5/6-lo,1,slide,6250,distance_from_lateral_start,48.6,48.6,48.6,1,False
6B-13mm | 5/6-lo,1,slide,6500,distance_from_lateral_start,35.3,35.3,35.3,1,False
6B-13mm | 5/6-lo,1,slide,6750,distance_from_lateral_start,35.3,35.3,35.3,1,False
6B-13mm | 5/6-lo,1,slide,7250,distance_from_lateral_start,35.3,35.3,35.3,1,False
6B-13mm | 5/6-lo,1,slide,7500,distance_from_lateral_start,34.3,34.3,34.3,1,False
6B-13mm | 5/6-lo,1,slide,7750,distance_from_lateral_start,35.3,35.3,35.3,1,False
6B-13mm | 5/6-lo,1,slide,8250,distance_from_lateral_start,36.6,36.6,36.6,1,False
6B-13mm | 5/6-lo,1,slide,8500,distance_from_lateral_start,35.3,35.3,35.3,1,False
6B-16mm | 7/8-lo,1,rotary,0,distance_from_run_start,400.0,400.0,400.0,1,False
6B-16mm | 7/8-lo,1,rotary,100,distance_from_run_start,269.6,269.6,269.6,1,False
6B-16mm | 7/8-lo,1,rotary,200,distance_from_run_start,139.2,139.2,139.2,1,False
6B-16mm | 7/8-lo,1,rotary,300,distance_from_run_start,100.0,100.0,100.0,1,False
6B-16mm | 7/8-lo,1,rotary,400,distance_from_run_start,100.0,100.0,100.0,1,False
6B-16mm | 7/8-lo,1,rotary,500,distance_from_run_start,100.0,100.0,100.0,1,False
6B-16mm | 7/8-lo,1,rotary,600,distance_from_run_start,233.1,233.1,233.1,1,False
6B-16mm | 7/8-lo,1,rotary,700,distance_from_run_start,233.1,233.1,233.1,1,False
6B-16mm | 7/8-lo,1,rotary,800,distance_from_run_start,400.0,400.0,400.0,1,False
6B-16mm | 7/8-lo,1,rotary,900,distance_from_run_start,233.1,233.1,233.1,1,False
6B-16mm | 7/8-lo,1,rotary,1000,distance_from_run_start,64.3,64.3,64.3,1,False
6B-16mm | 7/8-lo,1,rotary,1100,distance_from_run_start,22.4,22.4,22.4,1,False
6B-16mm | 7/8-lo,1,rotary,1200,distance_from_run_start,22.4,22.4,22.4,1,False
6B-16mm | 7/8-lo,1,rotary,1300,distance_from_run_start,22.4,22.4,22.4,1,False
6B-16mm | 7/8-lo,1,rotary,1400,distance_from_run_start,177.2,177.2,177.2,1,False
6B-16mm | 7/8-lo,1,rotary,1500,distance_from_run_start,177.2,177.2,177.2,1,False
6B-16mm | 7/8-lo,1,rotary,1600,distance_from_run_start,177.2,177.2,177.2,1,False
6B-16mm | 7/8-lo,1,rotary,1700,distance_from_run_start,116.2,116.2,116.2,1,False
6B-16mm | 7/8-lo,1,rotary,1800,distance_from_run_start,55.8,55.8,55.8,1,False
6B-16mm | 7/8-lo,1,rotary,1900,distance_from_run_start,55.8,55.8,55.8,1,False
6B-16mm | 7/8-lo,1,rotary,2000,distance_from_run_start,116.2,116.2,116.2,1,False
6B-16mm | 7/8-lo,1,rotary,2100,distance_from_run_start,281.8,281.8,281.8,1,False
6B-16mm | 7/8-lo,1,rotary,2200,distance_from_run_start,281.8,281.8,281.8,1,False
6B-16mm | 7/8-lo,1,rotary,2300,distance_from_run_start,281.8,281.8,281.8,1,False
6B-16mm | 7/8-lo,1,rotary,2400,distance_from_run_start,281.8,281.8,281.8,1,False
6B-16mm | 7/8-lo,1,rotary,2500,distance_from_run_start,234.0,234.0,234.0,1,False
6B-16mm | 7/8-lo,1,rotary,2600,distance_from_run_start,233.9,233.9,233.9,1,False
6B-16mm | 7/8-lo,1,rotary,2700,distance_from_run_start,182.4,182.4,182.4,1,False
6B-16mm | 7/8-lo,1,rotary,2800,distance_from_run_start,234.0,234.0,234.0,1,False
6B-16mm | 7/8-lo,1,rotary,2900,distance_from_run_start,18.8,18.8,18.8,1,False
6B-16mm | 7/8-lo,1,rotary,3000,distance_from_run_start,18.8,18.8,18.8,1,False
6B-16mm | 7/8-lo,1,rotary,3100,distance_from_run_start,76.6,76.6,76.6,1,False
6B-16mm | 7/8-lo,1,rotary,3200,distance_from_run_start,76.6,76.6,76.6,1,False
6B-16mm | 7/8-lo,1,rotary,3300,distance_from_run_start,76.6,76.6,76.6,1,False
6B-16mm | 7/8-lo,1,rotary,3400,distance_from_run_start,425.0,425.0,425.0,1,False
6B-16mm | 7/8-lo,1,rotary,3500,distance_from_run_start,450.0,450.0,450.0,1,False
6B-16mm | 7/8-lo,1,rotary,3600,distance_from_run_start,450.0,450.0,450.0,1,False
6B-16mm | 7/8-lo,1,rotary,3700,distance_from_run_start,450.0,450.0,450.0,1,False
6B-16mm | 7/8-lo,1,rotary,3800,distance_from_run_start,450.0,450.0,450.0,1,False
6B-16mm | 7/8-lo,1,rotary,3900,distance_from_run_start,450.0,450.0,450.0,1,False
6B-16mm | 7/8-lo,1,rotary,4000,distance_from_run_start,400.0,400.0,400.0,1,False
6B-16mm | 7/8-lo,1,rotary,4100,distance_from_run_start,400.0,400.0,400.0,1,False
6B-16mm | 7/8-lo,1,rotary,4200,distance_from_run_start,400.0,400.0,400.0,1,False
6B-16mm | 7/8-lo,1,rotary,4300,distance_from_run_start,400.0,400.0,400.0,1,False
6B-16mm | 7/8-lo,1,rotary,4400,distance_from_run_start,360.0,360.0,360.0,1,False
6B-16mm | 7/8-lo,1,rotary,4500,distance_from_run_start,327.3,327.3,327.3,1,False
6B-16mm | 7/8-lo,1,rotary,4600,distance_from_run_start,327.3,327.3,327.3,1,False
6B-16mm | 7/8-lo,1,rotary,4700,distance_from_run_start,300.0,300.0,300.0,1,False
6B-16mm | 7/8-lo,1,rotary,4800,distance_from_run_start,300.0,300.0,300.0,1,False
6B-16mm | 7/8-lo,1,rotary,4900,distance_from_run_start,257.1,257.1,257.1,1,False
6B-16mm | 7/8-lo,1,rotary,5000,distance_from_run_start,257.1,257.1,257.1,1,False
6B-16mm | 7/8-lo,1,rotary,5100,distance_from_run_start,225.0,225.0,225.0,1,False
6B-16mm | 7/8-lo,1,rotary,5200,distance_from_run_start,112.5,112.5,112.5,1,False
6B-16mm | 7/8-lo,1,rotary,5300,distance_from_run_start,102.9,102.9,102.9,1,False
6B-16mm | 7/8-lo,1,rotary,5400,distance_from_run_start,100.0,100.0,100.0,1,False
6B-16mm | 7/8-lo,1,rotary,5500,distance_from_run_start,100.0,100.0,100.0,1,False
6B-16mm | 7/8-lo,1,rotary,5600,distance_from_run_start,100.0,100.0,100.0,1,False
6B-16mm | 7/8-lo,1,rotary,5700,distance_from_run_start,100.0,100.0,100.0,1,False
6B-16mm | 7/8-lo,1,rotary,5800,distance_from_run_start,120.0,120.0,120.0,1,False
6B-16mm | 7/8-lo,1,rotary,5900,distance_from_run_start,138.5,138.5,138.5,1,False
6B-16mm | 7/8-lo,1,rotary,6000,distance_from_run_start,175.7,175.7,175.7,1,False
6B-16mm | 7/8-lo,1,rotary,6100,distance_from_run_start,225.0,225.0,225.0,1,False
6B-16mm | 7/8-lo,1,rotary,6200,distance_from_run_start,276.9,276.9,276.9,1,False
6B-16mm | 7/8-lo,1,rotary,6300,distance_from_run_start,327.3,327.3,327.3,1,False
6B-16mm | 7/8-lo,1,rotary,6400,distance_from_run_start,400.0,400.0,400.0,1,False
6B-16mm | 7/8-lo,1,rotary,6500,distance_from_run_start,400.0,400.0,400.0,1,False
6B-16mm | 7/8-lo,1,rotary,6600,distance_from_run_start,400.0,400.0,400.0,1,False
6B-16mm | 7/8-lo,1,rotary,6700,distance_from_run_start,400.0,400.0,400.0,1,False
6B-16mm | 7/8-lo,1,slide,0,distance_from_lateral_start,84.7,84.7,84.7,1,False
6B-16mm | 7/8-lo,1,slide,250,distance_from_lateral_start,93.8,93.8,93.8,1,False
6B-16mm | 7/8-lo,1,slide,500,distance_from_lateral_start,85.7,85.7,85.7,1,False
6B-16mm | 7/8-lo,1,slide,750,distance_from_lateral_start,102.9,102.9,102.9,1,False
6B-16mm | 7/8-lo,1,slide,1000,distance_from_lateral_start,105.9,105.9,105.9,1,False
6B-16mm | 7/8-lo,1,slide,1250,distance_from_lateral_start,116.1,116.1,116.1,1,False
6B-16mm | 7/8-lo,1,slide,1500,distance_from_lateral_start,128.6,128.6,128.6,1,False
6B-16mm | 7/8-lo,1,slide,1750,distance_from_lateral_start,180.0,180.0,180.0,1,False
6B-16mm | 7/8-lo,1,slide,2000,distance_from_lateral_start,189.5,189.5,189.5,1,False
6B-16mm | 7/8-lo,1,slide,2250,distance_from_lateral_start,189.5,189.5,189.5,1,False
6B-16mm | 7/8-lo,1,slide,3000,distance_from_lateral_start,180.0,180.0,180.0,1,False
6B-16mm | 7/8-lo,1,slide,3250,distance_from_lateral_start,171.4,171.4,171.4,1,False
6B-16mm | 7/8-lo,1,slide,5250,distance_from_lateral_start,73.5,73.5,73.5,1,False
6B-16mm | 7/8-lo,1,slide,5500,distance_from_lateral_start,73.5,73.5,73.5,1,False
6B-16mm | 7/8-lo,1,slide,5750,distance_from_lateral_start,73.5,73.5,73.5,1,False
6B-16mm | 7/8-lo,1,slide,6000,distance_from_lateral_start,163.6,163.6,163.6,1,False
6B-16mm | 7/8-lo,1,slide,6250,distance_from_lateral_start,176.6,176.6,176.6,1,False
6B-16mm | 7/8-lo,1,slide,6500,distance_from_lateral_start,189.5,189.5,189.5,1,False
6B-11mm | 6/7-mid,1,rotary,0,distance_from_run_start,116.1,116.1,116.1,1,False
6B-11mm | 6/7-mid,1,rotary,100,distance_from_run_start,158.1,158.1,158.1,1,False
6B-11mm | 6/7-mid,1,rotary,800,distance_from_run_start,189.5,189.5,189.5,1,False
6B-11mm | 6/7-mid,1,rotary,900,distance_from_run_start,189.5,189.5,189.5,1,False
6B-11mm | 6/7-mid,1,rotary,1000,distance_from_run_start,200.0,200.0,200.0,1,False
6B-11mm | 6/7-mid,1,rotary,1100,distance_from_run_start,200.0,200.0,200.0,1,False
6B-11mm | 6/7-mid,1,rotary,1200,distance_from_run_start,240.0,240.0,240.0,1,False
6B-11mm | 6/7-mid,1,rotary,1300,distance_from_run_start,276.9,276.9,276.9,1,False
6B-11mm | 6/7-mid,1,rotary,1400,distance_from_run_start,300.0,300.0,300.0,1,False
6B-11mm | 6/7-mid,1,rotary,1500,distance_from_run_start,300.0,300.0,300.0,1,False
6B-11mm | 6/7-mid,1,rotary,1600,distance_from_run_start,300.0,300.0,300.0,1,False
6B-11mm | 6/7-mid,1,rotary,1700,distance_from_run_start,300.0,300.0,300.0,1,False
6B-11mm | 6/7-mid,1,rotary,1800,distance_from_run_start,300.0,300.0,300.0,1,False
6B-11mm | 6/7-mid,1,rotary,1900,distance_from_run_start,300.0,300.0,300.0,1,False
6B-11mm | 6/7-mid,1,rotary,2000,distance_from_run_start,276.9,276.9,276.9,1,False
6B-11mm | 6/7-mid,1,rotary,2100,distance_from_run_start,276.9,276.9,276.9,1,False
6B-11mm | 6/7-mid,1,rotary,2200,distance_from_run_start,276.9,276.9,276.9,1,False
6B-11mm | 6/7-mid,1,rotary,2300,distance_from_run_start,257.1,257.1,257.1,1,False
6B-11mm | 6/7-mid,1,rotary,2400,distance_from_run_start,276.9,276.9,276.9,1,False
6B-11mm | 6/7-mid,1,rotary,2500,distance_from_run_start,276.9,276.9,276.9,1,False
6B-11mm | 6/7-mid,1,rotary,2600,distance_from_run_start,300.0,300.0,300.0,1,False
6B-11mm | 6/7-mid,1,rotary,2700,distance_from_run_start,300.0,300.0,300.0,1,False
6B-11mm | 6/7-mid,1,rotary,2800,distance_from_run_start,300.0,300.0,300.0,1,False
6B-11mm | 6/7-mid,1,rotary,2900,distance_from_run_start,300.0,300.0,300.0,1,False
6B-11mm | 6/7-mid,1,rotary,3000,distance_from_run_start,300.0,300.0,300.0,1,False
6B-11mm | 6/7-mid,1,rotary,3100,distance_from_run_start,276.9,276.9,276.9,1,False
6B-11mm | 6/7-mid,1,rotary,3200,distance_from_run_start,276.9,276.9,276.9,1,False
6B-11mm | 6/7-mid,1,rotary,3300,distance_from_run_start,276.9,276.9,276.9,1,False
6B-11mm | 6/7-mid,1,rotary,3400,distance_from_run_start,276.9,276.9,276.9,1,False
6B-11mm | 6/7-mid,1,rotary,3500,distance_from_run_start,276.9,276.9,276.9,1,False
6B-11mm | 6/7-mid,1,rotary,3600,distance_from_run_start,276.9,276.9,276.9,1,False
6B-11mm | 6/7-mid,1,rotary,3700,distance_from_run_start,276.9,276.9,276.9,1,False
6B-11mm | 6/7-mid,1,rotary,3800,distance_from_run_start,276.9,276.9,276.9,1,False
6B-11mm | 6/7-mid,1,rotary,3900,distance_from_run_start,240.0,240.0,240.0,1,False
6B-11mm | 6/7-mid,1,rotary,4000,distance_from_run_start,240.0,240.0,240.0,1,False
6B-11mm | 6/7-mid,1,rotary,4100,distance_from_run_start,240.0,240.0,240.0,1,False
6B-11mm | 6/7-mid,1,rotary,4200,distance_from_run_start,240.0,240.0,240.0,1,False
6B-11mm | 6/7-mid,1,rotary,4300,distance_from_run_start,240.0,240.0,240.0,1,False
6B-11mm | 6/7-mid,1,rotary,4400,distance_from_run_start,257.1,257.1,257.1,1,False
6B-11mm | 6/7-mid,1,rotary,4500,distance_from_run_start,257.1,257.1,257.1,1,False
6B-11mm | 6/7-mid,1,rotary,4600,distance_from_run_start,240.0,240.0,240.0,1,False
6B-11mm | 6/7-mid,1,rotary,4700,distance_from_run_start,257.1,257.1,257.1,1,False
6B-11mm | 6/7-mid,1,rotary,4800,distance_from_run_start,257.1,257.1,257.1,1,False
6B-11mm | 6/7-mid,1,rotary,4900,distance_from_run_start,276.9,276.9,276.9,1,False
6B-11mm | 6/7-mid,1,rotary,5000,distance_from_run_start,257.1,257.1,257.1,1,False
6B-11mm | 6/7-mid,1,rotary,5100,distance_from_run_start,257.1,257.1,257.1,1,False
6B-11mm | 6/7-mid,1,rotary,5200,distance_from_run_start,257.1,257.1,257.1,1,False
6B-11mm | 6/7-mid,1,rotary,5300,distance_from_run_start,300.0,300.0,300.0,1,False
6B-11mm | 6/7-mid,1,rotary,5400,distance_from_run_start,276.9,276.9,276.9,1,False
6B-11mm | 6/7-mid,1,rotary,5500,distance_from_run_start,276.9,276.9,276.9,1,False
6B-11mm | 6/7-mid,1,rotary,5600,distance_from_run_start,276.9,276.9,276.9,1,False
6B-11mm | 6/7-mid,1,rotary,5700,distance_from_run_start,276.9,276.9,276.9,1,False
6B-11mm | 6/7-mid,1,rotary,5800,distance_from_run_start,225.0,225.0,225.0,1,False
6B-11mm | 6/7-mid,1,rotary,5900,distance_from_run_start,200.0,200.0,200.0,1,False
6B-11mm | 6/7-mid,1,rotary,6000,distance_from_run_start,200.0,200.0,200.0,1,False
6B-11mm | 6/7-mid,1,rotary,6100,distance_from_run_start,200.0,200.0,200.0,1,False
6B-11mm | 6/7-mid,1,rotary,6200,distance_from_run_start,225.0,225.0,225.0,1,False
6B-11mm | 6/7-mid,1,rotary,6300,distance_from_run_start,225.0,225.0,225.0,1,False
6B-11mm | 6/7-mid,1,rotary,6400,distance_from_run_start,240.0,240.0,240.0,1,False
6B-11mm | 6/7-mid,1,rotary,6500,distance_from_run_start,240.0,240.0,240.0,1,False
6B-11mm | 6/7-mid,1,rotary,6600,distance_from_run_start,240.0,240.0,240.0,1,False
6B-11mm | 6/7-mid,1,rotary,6700,distance_from_run_start,240.0,240.0,240.0,1,False
6B-11mm | 6/7-mid,1,rotary,6800,distance_from_run_start,240.0,240.0,240.0,1,False
6B-11mm | 6/7-mid,1,rotary,6900,distance_from_run_start,240.0,240.0,240.0,1,False
6B-11mm | 6/7-mid,1,rotary,7000,distance_from_run_start,240.0,240.0,240.0,1,False
6B-11mm | 6/7-mid,1,rotary,7100,distance_from_run_start,225.0,225.0,225.0,1,False
6B-11mm | 6/7-mid,1,rotary,7200,distance_from_run_start,240.0,240.0,240.0,1,False
6B-11mm | 6/7-mid,1,rotary,7300,distance_from_run_start,240.0,240.0,240.0,1,False
6B-11mm | 6/7-mid,1,rotary,7400,distance_from_run_start,225.0,225.0,225.0,1,False
6B-11mm | 6/7-mid,1,rotary,7500,distance_from_run_start,225.0,225.0,225.0,1,False
6B-11mm | 6/7-mid,1,rotary,7600,distance_from_run_start,211.8,211.8,211.8,1,False
6B-11mm | 6/7-mid,1,rotary,7700,distance_from_run_start,200.0,200.0,200.0,1,False
6B-11mm | 6/7-mid,1,rotary,7800,distance_from_run_start,189.5,189.5,189.5,1,False
6B-11mm | 6/7-mid,1,rotary,7900,distance_from_run_start,171.4,171.4,171.4,1,False
6B-11mm | 6/7-mid,1,rotary,8000,distance_from_run_start,171.4,171.4,171.4,1,False
6B-11mm | 6/7-mid,1,rotary,8100,distance_from_run_start,156.5,156.5,156.5,1,False
6B-11mm | 6/7-mid,1,rotary,8200,distance_from_run_start,171.4,171.4,171.4,1,False
6B-11mm | 6/7-mid,1,rotary,8300,distance_from_run_start,175.7,175.7,175.7,1,False
6B-11mm | 6/7-mid,1,rotary,8400,distance_from_run_start,180.0,180.0,180.0,1,False
6B-11mm | 6/7-mid,1,rotary,8500,distance_from_run_start,189.5,189.5,189.5,1,False
6B-11mm | 6/7-mid,1,rotary,8600,distance_from_run_start,189.5,189.5,189.5,1,False
6B-11mm | 6/7-mid,1,rotary,8700,distance_from_run_start,189.5,189.5,189.5,1,False
6B-11mm | 6/7-mid,1,rotary,8800,distance_from_run_start,189.5,189.5,189.5,1,False
6B-11mm | 6/7-mid,1,rotary,8900,distance_from_run_start,189.5,189.5,189.5,1,False
6B-11mm | 6/7-mid,1,rotary,9000,distance_from_run_start,189.5,189.5,189.5,1,False
6B-11mm | 6/7-mid,1,rotary,9100,distance_from_run_start,189.5,189.5,189.5,1,False
6B-11mm | 6/7-mid,1,rotary,9200,distance_from_run_start,189.5,189.5,189.5,1,False
6B-11mm | 6/7-mid,1,rotary,9300,distance_from_run_start,171.4,171.4,171.4,1,False
6B-11mm | 6/7-mid,1,rotary,9400,distance_from_run_start,171.4,171.4,171.4,1,False
6B-11mm | 6/7-mid,1,rotary,9500,distance_from_run_start,171.4,171.4,171.4,1,False
6B-11mm | 6/7-mid,1,rotary,9600,distance_from_run_start,171.4,171.4,171.4,1,False
6B-11mm | 6/7-mid,1,rotary,9700,distance_from_run_start,189.5,189.5,189.5,1,False
6B-11mm | 6/7-mid,1,rotary,9800,distance_from_run_start,189.5,189.5,189.5,1,False
6B-11mm | 6/7-mid,1,rotary,9900,distance_from_run_start,189.5,189.5,189.5,1,False
6B-11mm | 6/7-mid,1,rotary,10000,distance_from_run_start,211.8,211.8,211.8,1,False
6B-11mm | 6/7-mid,1,rotary,10100,distance_from_run_start,211.8,211.8,211.8,1,False
6B-11mm | 6/7-mid,1,rotary,10200,distance_from_run_start,189.5,189.5,189.5,1,False
6B-11mm | 6/7-mid,1,rotary,10300,distance_from_run_start,171.4,171.4,171.4,1,False
6B-11mm | 6/7-mid,1,rotary,10400,distance_from_run_start,171.4,171.4,171.4,1,False
6B-11mm | 6/7-mid,1,rotary,10500,distance_from_run_start,156.5,156.5,156.5,1,False
6B-11mm | 6/7-mid,1,rotary,10600,distance_from_run_start,156.5,156.5,156.5,1,False
6B-11mm | 6/7-mid,1,rotary,10700,distance_from_run_start,171.4,171.4,171.4,1,False
6B-11mm | 6/7-mid,1,rotary,10800,distance_from_run_start,171.4,171.4,171.4,1,False
6B-11mm | 6/7-mid,1,rotary,10900,distance_from_run_start,171.4,171.4,171.4,1,False
6B-11mm | 6/7-mid,1,rotary,11000,distance_from_run_start,171.4,171.4,171.4,1,False
6B-11mm | 6/7-mid,1,rotary,11100,distance_from_run_start,171.4,171.4,171.4,1,False
6B-11mm | 6/7-mid,1,rotary,11200,distance_from_run_start,156.5,156.5,156.5,1,False
6B-11mm | 6/7-mid,1,rotary,11300,distance_from_run_start,156.5,156.5,156.5,1,False
6B-11mm | 6/7-mid,1,rotary,11400,distance_from_run_start,73.5,73.5,73.5,1,False
6B-11mm | 6/7-mid,1,rotary,11500,distance_from_run_start,65.8,65.8,65.8,1,False
6B-11mm | 6/7-mid,1,rotary,11600,distance_from_run_start,58.1,58.1,58.1,1,False
6B-11mm | 6/7-mid,1,slide,0,distance_from_lateral_start,85.7,85.7,85.7,1,False
6B-11mm | 6/7-mid,1,slide,250,distance_from_lateral_start,95.8,95.8,95.8,1,False
6B-11mm | 6/7-mid,1,slide,500,distance_from_lateral_start,105.9,105.9,105.9,1,False
6B-11mm | 6/7-mid,1,slide,750,distance_from_lateral_start,105.9,105.9,105.9,1,False
6B-11mm | 6/7-mid,1,slide,1000,distance_from_lateral_start,109.1,109.1,109.1,1,False
6B-11mm | 6/7-mid,1,slide,1250,distance_from_lateral_start,109.1,109.1,109.1,1,False
6B-11mm | 6/7-mid,1,slide,1750,distance_from_lateral_start,100.0,100.0,100.0,1,False
6B-11mm | 6/7-mid,1,slide,2500,distance_from_lateral_start,70.6,70.6,70.6,1,False
6B-11mm | 6/7-mid,1,slide,2750,distance_from_lateral_start,66.7,66.7,66.7,1,False
6B-11mm | 6/7-mid,1,slide,3000,distance_from_lateral_start,65.5,65.5,65.5,1,False
6B-11mm | 6/7-mid,1,slide,3250,distance_from_lateral_start,65.5,65.5,65.5,1,False
6B-11mm | 6/7-mid,1,slide,3750,distance_from_lateral_start,58.1,58.1,58.1,1,False
6B-11mm | 6/7-mid,1,slide,4000,distance_from_lateral_start,57.1,57.1,57.1,1,False
6B-11mm | 6/7-mid,1,slide,4500,distance_from_lateral_start,48.6,48.6,48.6,1,False
6B-11mm | 6/7-mid,1,slide,4750,distance_from_lateral_start,49.0,49.0,49.0,1,False
6B-11mm | 6/7-mid,1,slide,5000,distance_from_lateral_start,49.0,49.0,49.0,1,False
6B-11mm | 6/7-mid,1,slide,5250,distance_from_lateral_start,48.6,48.6,48.6,1,False
6B-11mm | 6/7-mid,1,slide,5500,distance_from_lateral_start,38.5,38.5,38.5,1,False
6B-11mm | 6/7-mid,1,slide,6250,distance_from_lateral_start,26.7,26.7,26.7,1,False
6B-11mm | 6/7-mid,1,slide,6500,distance_from_lateral_start,26.7,26.7,26.7,1,False
6B-11mm | 6/7-mid,1,slide,6750,distance_from_lateral_start,26.5,26.5,26.5,1,False
6B-11mm | 6/7-mid,1,slide,7500,distance_from_lateral_start,22.0,22.0,22.0,1,False
6B-11mm | 6/7-mid,1,slide,8000,distance_from_lateral_start,22.0,22.0,22.0,1,False
6B-11mm | 6/7-mid,1,slide,8250,distance_from_lateral_start,21.4,21.4,21.4,1,False
6B-11mm | 6/7-mid,1,slide,8500,distance_from_lateral_start,21.4,21.4,21.4,1,False
6B-11mm | 6/7-mid,1,slide,9000,distance_from_lateral_start,21.4,21.4,21.4,1,False
6B-11mm | 6/7-mid,1,slide,9250,distance_from_lateral_start,20.8,20.8,20.8,1,False
6B-11mm | 6/7-mid,1,slide,9500,distance_from_lateral_start,18.5,18.5,18.5,1,False
6B-11mm | 6/7-mid,1,slide,10000,distance_from_lateral_start,18.5,18.5,18.5,1,False
6B-11mm | 6/7-mid,1,slide,10250,distance_from_lateral_start,16.7,16.7,16.7,1,False
6B-11mm | 6/7-mid,1,slide,11000,distance_from_lateral_start,14.9,14.9,14.9,1,False
